url,routeType,indexable,status,canonical,title,metaDescription,h1Count
"https://familyboard.win/404","page","false","200","https://familyboard.win/404/","Page not found | FamilyBoard","The requested FamilyBoard page could not be found.","1"
"https://familyboard.win/about/","page","true","200","https://familyboard.win/about/","About FamilyBoard — Why We Are Building a Better Household Memory","FamilyBoard is a privacy-first household management project built to connect the maintenance, records and recurring responsibilities that keep a home running.","1"
"https://familyboard.win/affiliate-disclosure/","page","true","200","https://familyboard.win/affiliate-disclosure/","Affiliate Disclosure | FamilyBoard","How contextual product recommendations and affiliate links support FamilyBoard without changing editorial advice.","1"
"https://familyboard.win/app/","page","false","200","https://familyboard.win/app/","FamilyBoard App — Private Local Household Dashboard","Track household assets, maintenance, warranties, subscriptions, tasks, emergency contacts and handoffs in a free local-first app.","0"
"https://familyboard.win/changelog/","page","true","200","https://familyboard.win/changelog/","FamilyBoard Changelog — Product and Content Updates","Track real FamilyBoard releases, fixes, migrations and meaningful site updates.","1"
"https://familyboard.win/checklists/","printable","true","200","https://familyboard.win/checklists/","Printable Household Checklists | Maintenance, Emergency, Moving and More","Print practical home maintenance, monthly review, seasonal, emergency, sitter and moving checklists.","1"
"https://familyboard.win/checklists/printable-emergency-binder-checklist/","printable","true","200","https://familyboard.win/checklists/printable-emergency-binder-checklist/","Printable Emergency Binder Checklist | Household Information Sections","Print an emergency binder checklist for contacts, household information, pets, care, utilities, documents and review dates.","1"
"https://familyboard.win/checklists/printable-home-maintenance-checklist/","printable","true","200","https://familyboard.win/checklists/printable-home-maintenance-checklist/","Printable Home Maintenance Checklist | Editable Household Maintenance Planner","Print an editable home maintenance checklist organized by routine review, seasonal work, systems and follow-up records.","1"
"https://familyboard.win/checklists/printable-house-sitter-checklist/","printable","true","200","https://familyboard.win/checklists/printable-house-sitter-checklist/","Printable House Sitter Checklist | Daily Home, Pet and Contact Instructions","Print a house-sitter checklist for daily tasks, pets, plants, deliveries, waste, contacts and problem escalation.","1"
"https://familyboard.win/checklists/printable-monthly-home-checklist/","printable","true","200","https://familyboard.win/checklists/printable-monthly-home-checklist/","Printable Monthly Home Checklist | 30-Minute Household Review","Print a concise monthly home checklist for maintenance, tasks, renewals, supplies, records and the next 30 days.","1"
"https://familyboard.win/checklists/printable-moving-checklist/","printable","true","200","https://familyboard.win/checklists/printable-moving-checklist/","Printable Moving Checklist | Utilities, Inventory, Documents and New-Home Setup","Print a moving checklist divided into timeline, utilities, inventory, documents, old-home closure and new-home setup.","1"
"https://familyboard.win/checklists/printable-new-home-checklist/","printable","true","200","https://familyboard.win/checklists/printable-new-home-checklist/","Printable New Home Checklist | First Day, First Week and First Month","Print a new-home checklist for utilities, equipment records, contacts, maintenance, household documents and emergency information.","1"
"https://familyboard.win/checklists/printable-pet-sitter-checklist/","printable","true","200","https://familyboard.win/checklists/printable-pet-sitter-checklist/","Printable Pet Sitter Checklist | Feeding, Routine, Supplies and Vet Contacts","Print a pet-sitter checklist with owner-entered feeding, routine, supplies, veterinarian and emergency contacts.","1"
"https://familyboard.win/checklists/printable-seasonal-home-checklist/","printable","true","200","https://familyboard.win/checklists/printable-seasonal-home-checklist/","Printable Seasonal Home Checklist | Spring, Summer, Fall and Winter Planning","Print a four-season home planning worksheet that adapts to climate, equipment and household routines instead of prescribing one national checklist.","1"
"https://familyboard.win/contact/","page","true","200","https://familyboard.win/contact/","Contact FamilyBoard","Contact the FamilyBoard project about bugs, accessibility, content corrections, privacy questions or product feedback.","1"
"https://familyboard.win/disclaimer/","page","true","200","https://familyboard.win/disclaimer/","Household Information Disclaimer | FamilyBoard","Limits of FamilyBoard household, maintenance, emergency, legal, insurance and safety information.","1"
"https://familyboard.win/editorial-policy/","page","true","200","https://familyboard.win/editorial-policy/","Editorial Policy | FamilyBoard","How FamilyBoard plans, edits, sources and corrects household-management content.","1"
"https://familyboard.win/features/emergency-information-organizer/","page","true","200","https://familyboard.win/features/emergency-information-organizer/","Household Emergency Information Organizer — Contacts, Utilities and Instructions | FamilyBoard","Keep important household emergency contacts, utility notes, pet information and operational instructions in one clear local-first record.","1"
"https://familyboard.win/features/family-display-mode/","page","true","200","https://familyboard.win/features/family-display-mode/","Family Display Mode — Turn an Old Tablet into a Household Dashboard | FamilyBoard","Use a tablet-friendly full-screen view for today’s events, chores, maintenance alerts and household notices without buying dedicated family calendar hardware.","1"
"https://familyboard.win/features/family-task-manager/","page","true","200","https://familyboard.win/features/family-task-manager/","Family Task Manager for Chores, Household Admin and Recurring Responsibilities | FamilyBoard","Organize household chores and recurring admin tasks by owner, due date, priority and history.","1"
"https://familyboard.win/features/free-home-management-app/","page","true","200","https://familyboard.win/features/free-home-management-app/","Free Home Management App — Local-First Household Tracking Without an Account | FamilyBoard","Use a free local-first home management app for assets, maintenance, warranties, subscriptions, tasks and household records.","1"
"https://familyboard.win/features/home-dashboard/","page","true","200","https://familyboard.win/features/home-dashboard/","Home Dashboard for Maintenance, Warranties, Tasks and Renewals | FamilyBoard","A practical household dashboard that brings maintenance, warranties, recurring tasks, subscriptions and upcoming home responsibilities into one view.","1"
"https://familyboard.win/features/home-inventory-tracker/","page","true","200","https://familyboard.win/features/home-inventory-tracker/","Private Home Inventory Tracker for Appliances, Electronics and Household Assets | FamilyBoard","Create a practical home inventory with model numbers, serial numbers, purchase details, warranties, maintenance and local records.","1"
"https://familyboard.win/features/home-record-keeper/","page","true","200","https://familyboard.win/features/home-record-keeper/","Home Record Keeper for Repairs, Maintenance, Purchases and Household History | FamilyBoard","Build a practical history of repairs, maintenance, purchases, warranties and service providers for your home.","1"
"https://familyboard.win/features/household-calendar/","page","true","200","https://familyboard.win/features/household-calendar/","Simple Household Calendar Connected to Tasks and Home Responsibilities | FamilyBoard","Use a lightweight household calendar for events that relate to home tasks, maintenance and family responsibilities without turning the product into another calendar clone.","1"
"https://familyboard.win/features/household-documents-organizer/","page","true","200","https://familyboard.win/features/household-documents-organizer/","Household Documents Organizer for Warranties, Manuals, Receipts and Home Records | FamilyBoard","Organize household document references around the home, asset or responsibility they belong to instead of relying on disconnected folders.","1"
"https://familyboard.win/features/household-handoff/","page","true","200","https://familyboard.win/features/household-handoff/","Household Handoff — Make the Invisible Work of Running a Home Transferable | FamilyBoard","Create a concise household handoff showing upcoming obligations, recurring responsibilities, service contacts and the information another trusted person needs.","1"
"https://familyboard.win/features/household-operations-system/","page","true","200","https://familyboard.win/features/household-operations-system/","What Is a Household Operations System? A Practical Alternative to Scattered Home Notes | FamilyBoard","A household operations system connects home assets, maintenance, recurring responsibilities, records and handoff information instead of treating them as separate lists.","1"
"https://familyboard.win/features/household-subscription-tracker/","page","true","200","https://familyboard.win/features/household-subscription-tracker/","Household Subscription Tracker for Renewals, Costs and Cancellation Notes | FamilyBoard","Track household subscriptions, renewal dates, billing frequency, ownership and cancellation notes in one private list.","1"
"https://familyboard.win/features/","page","true","200","https://familyboard.win/features/","Household Management Features — Assets, Maintenance, Warranties, Tasks and More | FamilyBoard","See how FamilyBoard organizes household assets, maintenance, warranties, subscriptions, tasks, emergency information, backups and family handoffs.","1"
"https://familyboard.win/features/local-first-home-organizer/","page","true","200","https://familyboard.win/features/local-first-home-organizer/","Local-First Home Organizer — Keep Household Data on Your Device | FamilyBoard","A home organizer designed to store core household records locally first, work offline and let users control their own backups.","1"
"https://familyboard.win/features/maintenance-tracker/","page","true","200","https://familyboard.win/features/maintenance-tracker/","Home Maintenance Tracker with Recurring Schedules and Service History | FamilyBoard","Track recurring home maintenance, completion dates, service history, costs and the assets each task belongs to.","1"
"https://familyboard.win/features/no-account-family-organizer/","page","true","200","https://familyboard.win/features/no-account-family-organizer/","No-Account Family Organizer — Start Managing Your Home Without Signing Up | FamilyBoard","Start a household dashboard without an account or email. Store core records locally and create your own backup.","1"
"https://familyboard.win/features/offline-household-organizer/","page","true","200","https://familyboard.win/features/offline-household-organizer/","Offline Household Organizer — Access Home Records Without an Internet Connection | FamilyBoard","Use core household records, tasks and maintenance information offline through a local-first PWA with user-controlled backup.","1"
"https://familyboard.win/features/private-family-organizer/","page","true","200","https://familyboard.win/features/private-family-organizer/","Private Family Organizer for Household Records, Maintenance and Tasks | FamilyBoard","Organize household responsibilities without requiring a cloud account for the core free app. Keep family records local and export your own backups.","1"
"https://familyboard.win/features/warranty-tracker/","page","true","200","https://familyboard.win/features/warranty-tracker/","Warranty Tracker for Appliances and Household Purchases | FamilyBoard","Track household warranties, purchase dates, receipts and expiration windows before you need them.","1"
"https://familyboard.win/guides/air-conditioner-maintenance-checklist/","page","true","200","https://familyboard.win/guides/air-conditioner-maintenance-checklist/","Air Conditioner Maintenance Checklist: Filters, Service History and Seasonal Readiness","Track air-conditioner filters, model information, seasonal service, performance observations and technician history with manufacturer guidance in view.","1"
"https://familyboard.win/guides/air-purifier-maintenance-guide/","page","true","200","https://familyboard.win/guides/air-purifier-maintenance-guide/","Air Purifier Maintenance Guide: Filter Records, Cleaning and Model-Specific Reminders","Organize air-purifier filter references, cleaning guidance, replacement history and room location in one household asset record.","1"
"https://familyboard.win/guides/annual-home-review/","page","true","200","https://familyboard.win/guides/annual-home-review/","Annual Home Review: A Once-a-Year Check of Maintenance, Records and Recurring Costs","Run an annual household review covering maintenance history, assets, warranties, subscriptions, contacts, backups and the next year's priorities.","1"
"https://familyboard.win/guides/annual-renewal-calendar/","page","true","200","https://familyboard.win/guides/annual-renewal-calendar/","Annual Renewal Calendar: Put Insurance, Memberships, Registrations and Services on One Timeline","Build an annual household renewal calendar for insurance, memberships, registrations, service plans and other once-a-year obligations.","1"
"https://familyboard.win/guides/apartment-maintenance-checklist/","page","true","200","https://familyboard.win/guides/apartment-maintenance-checklist/","Apartment Maintenance Checklist: What to Track, Clean, Report and Document","A renter-friendly apartment maintenance checklist that separates everyday upkeep from issues that should be documented and reported to the property owner or manager.","1"
"https://familyboard.win/guides/appliance-inventory/","page","true","200","https://familyboard.win/guides/appliance-inventory/","Appliance Inventory: Models, Serial Numbers, Warranties and Maintenance in One List","Create an appliance inventory that links models, serial numbers, purchase details, warranties, manuals, maintenance and repair history.","1"
"https://familyboard.win/guides/appliance-lifespan-planning/","page","true","200","https://familyboard.win/guides/appliance-lifespan-planning/","Appliance Lifespan Planning: How to Use Age Estimates Without Treating Them as Expiration Dates","Use appliance age and lifespan estimates as planning context while relying on real condition, repair history and manufacturer information.","1"
"https://familyboard.win/guides/appliance-replacement-planning/","page","true","200","https://familyboard.win/guides/appliance-replacement-planning/","Appliance Replacement Planning: Use Age, Repair History and Household Needs Without Predicting Failure","Plan appliance replacement using known age, repair history, performance concerns and household priorities instead of relying on a single lifespan number.","1"
"https://familyboard.win/guides/bathroom-exhaust-fan-maintenance-checklist/","page","true","200","https://familyboard.win/guides/bathroom-exhaust-fan-maintenance-checklist/","Bathroom Exhaust Fan Maintenance Checklist: Cleaning, Airflow and Service Records","Track bathroom exhaust-fan cleaning, visible condition and repair history while keeping electrical and duct work within safe boundaries.","1"
"https://familyboard.win/guides/carbon-monoxide-alarm-records/","page","true","200","https://familyboard.win/guides/carbon-monoxide-alarm-records/","Carbon Monoxide Alarm Records: Locations, Models and Replacement History","Keep carbon-monoxide alarm locations, model information and replacement history organized while relying on manufacturer and local safety guidance.","1"
"https://familyboard.win/guides/caregiver-handoff-checklist/","page","true","200","https://familyboard.win/guides/caregiver-handoff-checklist/","Caregiver Handoff Checklist: Transfer Routines, Contacts and Household Responsibilities Clearly","Create a caregiver handoff with routines, contacts, household logistics and current instructions while protecting sensitive information.","1"
"https://familyboard.win/guides/ceiling-fan-maintenance-checklist/","page","true","200","https://familyboard.win/guides/ceiling-fan-maintenance-checklist/","Ceiling Fan Maintenance Checklist: Cleaning, Condition and Service Notes","A simple ceiling-fan maintenance record for cleaning, visible condition, model information and qualified service when electrical or mechanical problems appear.","1"
"https://familyboard.win/guides/chore-chart-for-adults/","page","true","200","https://familyboard.win/guides/chore-chart-for-adults/","Chore Chart for Adults: Use Ownership and Rotation Without Making Home Feel Like Work","Build an adult household chore chart using responsibilities, rotation, frequency and hidden admin work instead of childish reward systems.","1"
"https://familyboard.win/guides/cleaning-schedule/","page","true","200","https://familyboard.win/guides/cleaning-schedule/","Cleaning Schedule: Build Daily, Weekly and Deep-Cleaning Routines That Fit Your Home","Create a household cleaning schedule by zone, frequency and owner without generating an unrealistic list of chores.","1"
"https://familyboard.win/guides/coffee-maker-maintenance-guide/","page","true","200","https://familyboard.win/guides/coffee-maker-maintenance-guide/","Coffee Maker Maintenance Guide: Cleaning, Descaling and Filter Records by Model","Track coffee-maker cleaning, descaling, water-filter changes and model-specific consumables without using a one-size-fits-all schedule.","1"
"https://familyboard.win/guides/computer-electronics-inventory/","page","true","200","https://familyboard.win/guides/computer-electronics-inventory/","Household Computer and Electronics Inventory: Models, Serial Numbers, Warranties and Owners","Create a household electronics inventory with model, serial number, purchase date, warranty, assigned user and backup notes.","1"
"https://familyboard.win/guides/condo-maintenance-checklist/","page","true","200","https://familyboard.win/guides/condo-maintenance-checklist/","Condo Maintenance Checklist: Track What Belongs to Your Unit and What Belongs to the Building","A condo maintenance framework for unit systems, shared-building responsibilities, association contacts, records and recurring services.","1"
"https://familyboard.win/guides/contractor-records/","page","true","200","https://familyboard.win/guides/contractor-records/","Contractor Records: Keep Quotes, Work History and Household Context Organized","Track household contractors by project, service history, contact details, invoices and follow-up recommendations without relying on scattered messages.","1"
"https://familyboard.win/guides/deep-cleaning-tracker/","page","true","200","https://familyboard.win/guides/deep-cleaning-tracker/","Deep Cleaning Tracker: Remember the Jobs That Are Too Rare for Weekly Routines","Track occasional deep-cleaning tasks by room, season and last-completed date without cluttering the everyday chore list.","1"
"https://familyboard.win/guides/dehumidifier-maintenance-guide/","page","true","200","https://familyboard.win/guides/dehumidifier-maintenance-guide/","Dehumidifier Maintenance Guide: Cleaning, Drainage and Service Records","Track dehumidifier cleaning, drainage setup, filter care, model information and service history with model-specific guidance.","1"
"https://familyboard.win/guides/digital-home-binder/","page","true","200","https://familyboard.win/guides/digital-home-binder/","Digital Home Binder: A Practical Structure for Home Records, Maintenance and Emergency Information","Build a digital home binder that combines a household index, asset records, maintenance history, contacts and emergency information.","1"
"https://familyboard.win/guides/digital-home-inventory-backup/","page","true","200","https://familyboard.win/guides/digital-home-inventory-backup/","Digital Home Inventory Backup: Protect the Records That Describe Your Home","Create a safer home-inventory backup strategy using exported files, encryption where appropriate and separate storage locations.","1"
"https://familyboard.win/guides/dishwasher-maintenance-checklist/","page","true","200","https://familyboard.win/guides/dishwasher-maintenance-checklist/","Dishwasher Maintenance Checklist: Filters, Cleaning, Leaks and Repair History","Organize dishwasher maintenance around the actual model, including user-cleanable components, cleaning routines, leak observations and service history.","1"
"https://familyboard.win/guides/divide-household-responsibilities/","page","true","200","https://familyboard.win/guides/divide-household-responsibilities/","How to Divide Household Responsibilities Without Creating Another Chore Fight","Divide household responsibilities by ownership, frequency and hidden admin work so recurring tasks are easier to share and hand off.","1"
"https://familyboard.win/guides/dryer-maintenance-checklist/","page","true","200","https://familyboard.win/guides/dryer-maintenance-checklist/","Dryer Maintenance Checklist: Keep Routine Cleaning and Service History Easy to Track","A dryer maintenance framework for routine user cleaning, model guidance, vent-service records and repair history, with safety-first escalation.","1"
"https://familyboard.win/guides/electronics-inventory/","page","true","200","https://familyboard.win/guides/electronics-inventory/","Electronics Inventory: Track Devices, Owners, Serial Numbers and Warranties","Organize household electronics with model, serial number, owner, purchase date, warranty, repair history and safe credential boundaries.","1"
"https://familyboard.win/guides/emergency-binder/","page","true","200","https://familyboard.win/guides/emergency-binder/","Emergency Binder: What to Organize Before Your Household Is Under Stress","Build an emergency binder with contacts, household instructions, important references and continuity information, guided by local emergency authorities.","1"
"https://familyboard.win/guides/emergency-information-sheet/","page","true","200","https://familyboard.win/guides/emergency-information-sheet/","Emergency Information Sheet: What Belongs on One Household Page","Create a one-page household emergency information sheet with contacts, address, important household notes and clear references to secure documents.","1"
"https://familyboard.win/guides/emergency-supply-inventory/","page","true","200","https://familyboard.win/guides/emergency-supply-inventory/","Emergency Supply Inventory: Track What You Have Before Buying More","Build a household emergency-supply inventory with quantities, locations, condition and review dates while following official preparedness guidance.","1"
"https://familyboard.win/guides/fall-home-maintenance-checklist/","page","true","200","https://familyboard.win/guides/fall-home-maintenance-checklist/","Fall Home Maintenance Checklist: Prepare Systems Before Weather Changes","Use a flexible fall home maintenance review to prepare heating, drainage, household supplies and recurring winter responsibilities.","1"
"https://familyboard.win/guides/family-chore-system/","page","true","200","https://familyboard.win/guides/family-chore-system/","Family Chore System: Build a Routine People Can Understand at a Glance","Create a family chore system with clear ownership, recurring schedules, age-appropriate expectations and a shared display without over-gamifying normal home life.","1"
"https://familyboard.win/guides/family-continuity-plan/","page","true","200","https://familyboard.win/guides/family-continuity-plan/","Family Continuity Plan: Keep the Household Running When Normal Roles Change","Build a family continuity plan for recurring obligations, household admin, service contacts, pets, dependents and essential records.","1"
"https://familyboard.win/guides/family-emergency-contacts/","page","true","200","https://familyboard.win/guides/family-emergency-contacts/","Family Emergency Contacts: Build a List People Can Actually Use","Create a concise family emergency contact list with household members, local support, utilities and care contacts, plus offline access.","1"
"https://familyboard.win/guides/fire-extinguisher-records/","page","true","200","https://familyboard.win/guides/fire-extinguisher-records/","Home Fire Extinguisher Records: Locations, Types and Inspection History","Organize household fire-extinguisher locations, identifying information and inspection/service records while following local fire-safety guidance.","1"
"https://familyboard.win/guides/first-time-homeowner-maintenance-guide/","page","true","200","https://familyboard.win/guides/first-time-homeowner-maintenance-guide/","First-Time Homeowner Maintenance Guide: Build a Simple System Before Problems Pile Up","A practical first-time homeowner maintenance system for learning your equipment, recording service history and creating manageable recurring tasks.","1"
"https://familyboard.win/guides/freezer-maintenance-checklist/","page","true","200","https://familyboard.win/guides/freezer-maintenance-checklist/","Freezer Maintenance Checklist: Condition, Defrosting, Records and Backup Planning","Organize freezer maintenance around the actual model, condition, cleaning requirements, power-outage planning and service history.","1"
"https://familyboard.win/guides/furnace-maintenance-records/","page","true","200","https://familyboard.win/guides/furnace-maintenance-records/","Furnace Maintenance Records: Keep Service, Filters and Technician Notes Together","Organize furnace model details, filter records, professional service history and follow-up recommendations without encouraging unsafe DIY work.","1"
"https://familyboard.win/guides/furniture-inventory/","page","true","200","https://familyboard.win/guides/furniture-inventory/","Furniture Inventory: What Is Worth Recording for Moving, Insurance and Home Records","Create a selective furniture inventory with room, purchase details, dimensions, photos and receipts for pieces where future identification matters.","1"
"https://familyboard.win/guides/garbage-disposal-maintenance-guide/","page","true","200","https://familyboard.win/guides/garbage-disposal-maintenance-guide/","Garbage Disposal Maintenance Guide: Routine Care, Model Records and Safe Escalation","Organize garbage-disposal model information, routine manufacturer-approved care and repair history without encouraging unsafe internal work.","1"
"https://familyboard.win/guides/guest-preparation-checklist/","page","true","200","https://familyboard.win/guides/guest-preparation-checklist/","Guest Preparation Checklist: A Calm 24-Hour Home Reset Before Visitors Arrive","Prepare for overnight guests with sleeping space, linens, bathroom basics, access information and household routines without over-cleaning the entire home.","1"
"https://familyboard.win/guides/heat-pump-maintenance-records/","page","true","200","https://familyboard.win/guides/heat-pump-maintenance-records/","Heat Pump Maintenance Records: Track Seasonal Service, Filters and Performance Notes","Keep heat-pump model information, filter history, seasonal service and technician notes in one household record.","1"
"https://familyboard.win/guides/home-contact-list/","page","true","200","https://familyboard.win/guides/home-contact-list/","Home Contact List: The People and Services Your Household Actually Needs","Create a household contact list for family, neighbors, building management, utilities, schools, caregivers and service providers.","1"
"https://familyboard.win/guides/home-evacuation-information/","page","true","200","https://familyboard.win/guides/home-evacuation-information/","Home Evacuation Information: Organize People, Pets, Contacts and Go-Bag Records","Organize household evacuation information around local official guidance, family roles, pet needs, contacts and essential records.","1"
"https://familyboard.win/guides/home-improvement-receipts/","page","true","200","https://familyboard.win/guides/home-improvement-receipts/","Home Improvement Receipts: Organize Costs and Proof by Project, Not by Shopping Trip","Keep home-improvement receipts attached to renovation projects, contractors, materials and installed assets for easier long-term reference.","1"
"https://familyboard.win/guides/home-inventory-checklist/","page","true","200","https://familyboard.win/guides/home-inventory-checklist/","Home Inventory Checklist: What Is Worth Recording and What You Can Skip","Create a useful home inventory by prioritizing appliances, electronics, valuable items, serial numbers, purchase records and household systems.","1"
"https://familyboard.win/guides/home-inventory-for-insurance/","page","true","200","https://familyboard.win/guides/home-inventory-for-insurance/","Home Inventory for Insurance: Build Better Records Without Guessing Policy Requirements","Organize household possessions, photos, purchase details and serial numbers so you have better records if an insurer later asks for documentation.","1"
"https://familyboard.win/guides/home-maintenance-after-vacation/","page","true","200","https://familyboard.win/guides/home-maintenance-after-vacation/","Home Maintenance After Vacation: A Quick Return-Home Check","Use a short after-vacation home check to spot changes, restart household routines and close out travel handoff tasks.","1"
"https://familyboard.win/guides/home-maintenance-binder/","page","true","200","https://familyboard.win/guides/home-maintenance-binder/","Home Maintenance Binder: What to Include in a Digital or Paper Home Record","Build a home maintenance binder with system information, service history, warranties, contacts and recurring tasks without turning it into a paperwork archive.","1"
"https://familyboard.win/guides/home-maintenance-budget/","page","true","200","https://familyboard.win/guides/home-maintenance-budget/","Home Maintenance Budget: Build a Record Before You Guess a Perfect Number","Track actual maintenance and repair spending, separate recurring service from replacement projects and use your own history to plan future household costs.","1"
"https://familyboard.win/guides/home-maintenance-calendar/","page","true","200","https://familyboard.win/guides/home-maintenance-calendar/","Home Maintenance Calendar: Turn Recurring Upkeep into a Manageable Year","Create a home maintenance calendar that spreads work across the year and keeps completion history attached to each household system.","1"
"https://familyboard.win/guides/home-maintenance-delegation/","page","true","200","https://familyboard.win/guides/home-maintenance-delegation/","Home Maintenance Delegation: Assign Ownership Without Turning the Home into a Workplace","Divide recurring home maintenance and household admin by clear ownership, next actions and shared visibility rather than vague assumptions.","1"
"https://familyboard.win/guides/home-maintenance-log/","page","true","200","https://familyboard.win/guides/home-maintenance-log/","Home Maintenance Log: A Simple Format for Work, Dates, Costs and Follow-Up","Keep a concise home maintenance log with completion dates, assets, service notes, costs and next actions.","1"
"https://familyboard.win/guides/home-maintenance-records/","page","true","200","https://familyboard.win/guides/home-maintenance-records/","Home Maintenance Records: What to Keep and How to Make Them Useful","Learn which maintenance records have future value, from service dates and repair notes to invoices, models and follow-up recommendations.","1"
"https://familyboard.win/guides/home-maintenance-reminders/","page","true","200","https://familyboard.win/guides/home-maintenance-reminders/","Home Maintenance Reminders: How to Make Them Useful Instead of Annoying","Create home maintenance reminders that include context, realistic timing and completion history so they do more than generate notifications.","1"
"https://familyboard.win/guides/home-maintenance-schedule/","page","true","200","https://familyboard.win/guides/home-maintenance-schedule/","How to Build a Home Maintenance Schedule You Will Actually Keep","Create a practical home maintenance schedule by grouping recurring work by system, season, urgency and the instructions for your actual equipment.","1"
"https://familyboard.win/guides/home-purchase-records/","page","true","200","https://familyboard.win/guides/home-purchase-records/","Home Purchase Records: Build a Clean Property Archive After Closing","Organize important home-purchase documents, inspection references, improvement history and property records without mixing them with everyday household files.","1"
"https://familyboard.win/guides/home-repair-history/","page","true","200","https://familyboard.win/guides/home-repair-history/","How to Keep a Home Repair History That Is Useful Years Later","Track repair dates, symptoms, service providers, parts, costs and outcomes so recurring household problems are easier to understand.","1"
"https://familyboard.win/guides/home-service-provider-list/","page","true","200","https://familyboard.win/guides/home-service-provider-list/","Home Service Provider List: Keep the People Who Know Your Home Easy to Find","Organize household service providers with contact details, specialties, prior work, asset relationships and notes without turning the list into public reviews.","1"
"https://familyboard.win/guides/house-sitter-information/","page","true","200","https://familyboard.win/guides/house-sitter-information/","House Sitter Information: Give Clear Instructions Without Sharing Your Entire Household Database","Create house-sitter instructions for contacts, pets, deliveries, basic home routines and problem escalation while protecting private information.","1"
"https://familyboard.win/guides/household-account-list/","page","true","200","https://familyboard.win/guides/household-account-list/","Household Account List: Know Which Services Exist Without Storing Passwords in the Wrong Place","Create a household account index with service name, account owner, support link and renewal information while keeping credentials in a password manager.","1"
"https://familyboard.win/guides/household-admin-backup-person/","page","true","200","https://familyboard.win/guides/household-admin-backup-person/","Household Admin Backup Person: How to Prepare Someone to Step In Temporarily","Choose a backup household administrator and give them a clear view of recurring obligations, contacts, records and upcoming household work.","1"
"https://familyboard.win/guides/household-admin-day/","page","true","200","https://familyboard.win/guides/household-admin-day/","Household Admin Day: Batch the Calls, Renewals and Paperwork You Keep Postponing","Use a recurring household admin session for service calls, renewals, documents, scheduling and the invisible work that does not fit daily chores.","1"
"https://familyboard.win/guides/household-documents-organizer/","page","true","200","https://familyboard.win/guides/household-documents-organizer/","How to Organize Household Documents Without Building a Giant Digital Junk Drawer","Organize household documents by purpose, asset, property and responsibility so important records stay findable.","1"
"https://familyboard.win/guides/household-handoff/","page","true","200","https://familyboard.win/guides/household-handoff/","Household Handoff Guide: Transfer the Invisible Work of Running a Home","Build a household handoff covering recurring responsibilities, upcoming deadlines, service contacts, assets and emergency information.","1"
"https://familyboard.win/guides/household-management-checklist/","page","true","200","https://familyboard.win/guides/household-management-checklist/","Household Management Checklist: The Recurring Work Behind a Well-Run Home","Use a household management checklist to map maintenance, documents, bills, tasks, supplies, emergency information and recurring responsibilities.","1"
"https://familyboard.win/guides/household-medical-information-organization/","page","true","200","https://familyboard.win/guides/household-medical-information-organization/","Household Medical Information Organization: Keep Emergency References Without Overexposing Health Data","Organize limited household medical emergency references, provider contacts and document locations while keeping sensitive health records in appropriately secure systems.","1"
"https://familyboard.win/guides/household-monthly-review/","page","true","200","https://familyboard.win/guides/household-monthly-review/","Household Monthly Review: Maintenance, Renewals, Records and the Next 30 Days","Use a monthly household review to clean up tasks, check maintenance, review subscriptions and renewals, update records and create a backup.","1"
"https://familyboard.win/guides/household-replacement-reserve/","page","true","200","https://familyboard.win/guides/household-replacement-reserve/","Household Replacement Reserve: Plan for Known Big Purchases Without Pretending to Predict Them","Create a simple household replacement reserve using known asset age, replacement priorities and real costs without turning the tool into financial advice.","1"
"https://familyboard.win/guides/household-shopping-staples/","page","true","200","https://familyboard.win/guides/household-shopping-staples/","Household Shopping Staples: Create a Restock List That Does Not Become a Full Inventory System","Organize recurring household staples, preferred sizes and restock points without counting every item in the house.","1"
"https://familyboard.win/guides/household-supplies-inventory/","page","true","200","https://familyboard.win/guides/household-supplies-inventory/","Household Supplies Inventory: Filters, Cleaning Products and Maintenance Consumables","Track household consumables that matter for maintenance and continuity, such as compatible filters, bags and replacement parts.","1"
"https://familyboard.win/guides/household-weekly-reset/","page","true","200","https://familyboard.win/guides/household-weekly-reset/","Household Weekly Reset: A 20-Minute Review of Tasks, Calendar and Home Needs","Use a short weekly household reset to review upcoming events, chores, supplies, maintenance and unresolved home tasks.","1"
"https://familyboard.win/guides/how-long-to-keep-household-records/","page","true","200","https://familyboard.win/guides/how-long-to-keep-household-records/","How Long Should You Keep Household Records? Use the Reason for the Record, Not One Magic Number","Decide how long to keep household records by warranty, legal, tax, insurance, property and practical needs rather than applying one universal retention period.","1"
"https://familyboard.win/guides/how-to-track-product-warranties/","page","true","200","https://familyboard.win/guides/how-to-track-product-warranties/","How to Track Product Warranties Without Keeping Every Box","Track product warranties with purchase dates, proof of purchase, model information, warranty terms and expiration reminders.","1"
"https://familyboard.win/guides/humidifier-maintenance-guide/","page","true","200","https://familyboard.win/guides/humidifier-maintenance-guide/","Humidifier Maintenance Guide: Cleaning, Filters and Model-Specific Care","Organize humidifier cleaning routines, replaceable components, model guidance and service history while avoiding generic health claims.","1"
"https://familyboard.win/guides/hvac-filter-tracker/","page","true","200","https://familyboard.win/guides/hvac-filter-tracker/","HVAC Filter Tracker: Record Filter Size, Replacement History and Real-World Condition","Keep HVAC filter size, product reference, replacement dates and condition notes attached to the correct system.","1"
"https://familyboard.win/guides/important-household-documents/","page","true","200","https://familyboard.win/guides/important-household-documents/","Important Household Documents: What Deserves a Reliable Place to Live","Identify household documents that are worth organizing, from property and insurance records to warranties, service history and emergency references.","1"
"https://familyboard.win/guides/","page","true","200","https://familyboard.win/guides/","Home and Household Management Guides | FamilyBoard","Practical guides for home maintenance, appliance records, warranties, household documents, emergency handoffs, chores and recurring home administration.","1"
"https://familyboard.win/guides/maintenance-priorities/","page","true","200","https://familyboard.win/guides/maintenance-priorities/","How to Prioritize Home Maintenance When the List Is Too Long","Prioritize home maintenance by safety, damage prevention, system importance, urgency, season and effort instead of treating every task equally.","1"
"https://familyboard.win/guides/microwave-maintenance-checklist/","page","true","200","https://familyboard.win/guides/microwave-maintenance-checklist/","Microwave Maintenance Checklist: Cleaning, Condition and Replacement Records","A simple microwave maintenance guide focused on cleanliness, door condition, model information and safe escalation when problems appear.","1"
"https://familyboard.win/guides/monthly-home-maintenance-checklist/","page","true","200","https://familyboard.win/guides/monthly-home-maintenance-checklist/","Monthly Home Maintenance Checklist: A 30-Minute Household Review","Use a simple monthly home maintenance review to catch small issues, update records and keep recurring household work from piling up.","1"
"https://familyboard.win/guides/move-in-maintenance-checklist/","page","true","200","https://familyboard.win/guides/move-in-maintenance-checklist/","Move-In Maintenance Checklist: Learn the Home Before You Start Adding Tasks","A move-in home maintenance checklist for identifying systems, recording condition, finding manuals and creating the first practical maintenance schedule.","1"
"https://familyboard.win/guides/move-out-home-records/","page","true","200","https://familyboard.win/guides/move-out-home-records/","Move-Out Home Records: What to Close, Export, Transfer and Keep","Use a move-out record plan to close subscriptions, preserve repair history, export household data and separate property-specific information from personal records.","1"
"https://familyboard.win/guides/moving-house-organizer/","page","true","200","https://familyboard.win/guides/moving-house-organizer/","Moving House Organizer: Tasks, Utilities, Inventory, Documents and the First Week","Organize a move by workstream: utilities, addresses, documents, box inventory, service providers, old-home closure and new-home setup.","1"
"https://familyboard.win/guides/moving-inventory/","page","true","200","https://familyboard.win/guides/moving-inventory/","Moving Inventory: Track Boxes, Rooms, Valuable Items and What Needs Special Handling","Create a moving inventory that focuses on room destination, box contents, valuable items and household records rather than cataloging every object.","1"
"https://familyboard.win/guides/new-home-setup-checklist/","page","true","200","https://familyboard.win/guides/new-home-setup-checklist/","New Home Setup Checklist: Build the Household System Before the Details Get Lost","Set up a new home by organizing utilities, equipment records, maintenance, contacts, documents, emergency information and first-week tasks.","1"
"https://familyboard.win/guides/organize-appliance-manuals/","page","true","200","https://familyboard.win/guides/organize-appliance-manuals/","How to Organize Appliance Manuals So You Can Find the Right One During a Problem","Organize appliance manuals by the actual asset and model, using official digital manuals where possible and preserving only the versions you need.","1"
"https://familyboard.win/guides/organize-household-subscriptions/","page","true","200","https://familyboard.win/guides/organize-household-subscriptions/","How to Organize Household Subscriptions Before They Become Invisible Expenses","Create a household subscription list with owner, cost, billing frequency, renewal date and cancellation notes.","1"
"https://familyboard.win/guides/organize-insurance-documents/","page","true","200","https://familyboard.win/guides/organize-insurance-documents/","How to Organize Household Insurance Documents Without Exposing Sensitive Details","Create a household insurance index with policy type, provider, renewal date and secure document references while keeping sensitive information protected.","1"
"https://familyboard.win/guides/organize-pet-records/","page","true","200","https://familyboard.win/guides/organize-pet-records/","How to Organize Pet Records for Everyday Care, Sitters and Emergencies","Keep pet identification, care contacts, routine records, sitter instructions and document references organized for household handoffs.","1"
"https://familyboard.win/guides/organize-school-records-at-home/","page","true","200","https://familyboard.win/guides/organize-school-records-at-home/","How to Organize School Records at Home Without Mixing Them into General Household Clutter","Create a household index for school contacts, schedules, permissions and document references while keeping sensitive student records protected.","1"
"https://familyboard.win/guides/organize-utility-account-information/","page","true","200","https://familyboard.win/guides/organize-utility-account-information/","How to Organize Utility Account Information for a Household Handoff","Keep utility providers, service contacts, account ownership, billing dates and non-sensitive management notes in one household index.","1"
"https://familyboard.win/guides/organize-vehicle-documents-at-home/","page","true","200","https://familyboard.win/guides/organize-vehicle-documents-at-home/","How to Organize Vehicle Documents, Maintenance and Renewals at Home","Keep household vehicle registration references, insurance, maintenance history, warranty and renewal reminders organized without storing unnecessary sensitive data.","1"
"https://familyboard.win/guides/oven-maintenance-checklist/","page","true","200","https://familyboard.win/guides/oven-maintenance-checklist/","Oven Maintenance Checklist: Cleaning Records, Model Guidance and Service History","Keep oven cleaning guidance, model information, condition notes and qualified-service history organized in one household record.","1"
"https://familyboard.win/guides/pantry-restock-system/","page","true","200","https://familyboard.win/guides/pantry-restock-system/","Pantry Restock System: Keep Everyday Food Staples Visible Without Tracking Every Can","Build a simple pantry restock system using staple lists, minimum quantities or “last one opened” triggers rather than full inventory accounting.","1"
"https://familyboard.win/guides/pet-sitter-information/","page","true","200","https://familyboard.win/guides/pet-sitter-information/","Pet Sitter Information: Build a Clear Care Sheet for Feeding, Routine and Emergency Contacts","Prepare pet-sitter information with feeding routine, walk/care schedule, veterinarian contacts, supplies and household escalation instructions.","1"
"https://familyboard.win/guides/photo-home-inventory/","page","true","200","https://familyboard.win/guides/photo-home-inventory/","How to Make a Photo Home Inventory Without Creating an Unsearchable Camera Roll","Use room photos, item close-ups and structured labels to create a home inventory that remains searchable and useful later.","1"
"https://familyboard.win/guides/power-outage-home-preparedness/","page","true","200","https://familyboard.win/guides/power-outage-home-preparedness/","Power Outage Home Preparedness: Organize the Household Before the Lights Go Out","Prepare for a household power outage by organizing contacts, backup devices, responsibilities, offline information and post-outage notes.","1"
"https://familyboard.win/guides/preventive-home-maintenance/","page","true","200","https://familyboard.win/guides/preventive-home-maintenance/","Preventive Home Maintenance: Build Small Routines Around Real Risks","Use preventive home maintenance to reduce avoidable surprises by monitoring condition, following equipment guidance and keeping recurring work visible.","1"
"https://familyboard.win/guides/product-registration-tracker/","page","true","200","https://familyboard.win/guides/product-registration-tracker/","Product Registration Tracker: Keep Household Registrations and Reference Numbers Organized","Track product registrations, registration dates, account owner and reference numbers alongside warranties and asset records.","1"
"https://familyboard.win/guides/purchase-receipt-organizer/","page","true","200","https://familyboard.win/guides/purchase-receipt-organizer/","Purchase Receipt Organizer: Keep Receipts Connected to the Things You Bought","Organize important household receipts by asset, warranty and purchase record instead of relying on one giant receipt folder.","1"
"https://familyboard.win/guides/quarterly-home-maintenance-checklist/","page","true","200","https://familyboard.win/guides/quarterly-home-maintenance-checklist/","Quarterly Home Maintenance Checklist: Review the Systems Monthly Checks Miss","A quarterly household maintenance review for equipment records, recurring services, supplies, safety information and seasonal changes.","1"
"https://familyboard.win/guides/range-hood-maintenance-checklist/","page","true","200","https://familyboard.win/guides/range-hood-maintenance-checklist/","Range Hood Maintenance Checklist: Filters, Cleaning and Model-Specific Care","Organize range-hood filter cleaning or replacement, exterior care and service history around the actual hood model.","1"
"https://familyboard.win/guides/recurring-bills-tracker/","page","true","200","https://familyboard.win/guides/recurring-bills-tracker/","Recurring Bills Tracker: Organize Due Dates Without Becoming a Banking App","Track household recurring bills, due dates, frequency, owner and payment method notes without connecting bank accounts or storing sensitive credentials.","1"
"https://familyboard.win/guides/recurring-household-tasks/","page","true","200","https://familyboard.win/guides/recurring-household-tasks/","Recurring Household Tasks: What Is Worth Automating and What Should Stay Flexible","Organize recurring household work by daily, weekly, monthly, seasonal and annual responsibilities without turning every routine into an alert.","1"
"https://familyboard.win/guides/refrigerator-maintenance-checklist/","page","true","200","https://familyboard.win/guides/refrigerator-maintenance-checklist/","Refrigerator Maintenance Checklist: Keep Cleaning, Filters and Service History Together","A practical refrigerator maintenance checklist for cleaning, filter records, model information, warning signs and repair history.","1"
"https://familyboard.win/guides/renovation-records/","page","true","200","https://familyboard.win/guides/renovation-records/","Renovation Records: Keep Contractors, Materials, Dates, Warranties and Before/After History","Organize home renovation history with project dates, contractors, invoices, materials, warranties, permits references and future maintenance notes.","1"
"https://familyboard.win/guides/rental-home-maintenance-log/","page","true","200","https://familyboard.win/guides/rental-home-maintenance-log/","Rental Home Maintenance Log: Keep a Clear Record of Issues, Reports and Repairs","Create a rental maintenance log that records problems, communication dates, service visits and tenant-completed upkeep without confusing responsibility.","1"
"https://familyboard.win/guides/repair-history/","page","true","200","https://familyboard.win/guides/repair-history/","Repair History Tracker: Know What Was Fixed, When and Whether the Problem Returned","Build an asset-level repair history with symptoms, dates, providers, parts, costs and outcomes.","1"
"https://familyboard.win/guides/returning-home-after-travel-checklist/","page","true","200","https://familyboard.win/guides/returning-home-after-travel-checklist/","Returning Home After Travel Checklist: Restart the Household Without Missing a Problem","Use a short return-home checklist for condition checks, mail, pets, supplies, household tasks and closing temporary travel handoffs.","1"
"https://familyboard.win/guides/robot-vacuum-maintenance-guide/","page","true","200","https://familyboard.win/guides/robot-vacuum-maintenance-guide/","Robot Vacuum Maintenance Guide: Brushes, Filters, Batteries and Replacement History","Organize robot-vacuum brushes, filters, consumables, cleaning tasks, model information and service history.","1"
"https://familyboard.win/guides/room-by-room-home-inventory/","page","true","200","https://familyboard.win/guides/room-by-room-home-inventory/","Room-by-Room Home Inventory: A Practical Way to Finish the Job","Build a home inventory room by room using a simple priority system for appliances, electronics, furniture and other meaningful assets.","1"
"https://familyboard.win/guides/seasonal-home-maintenance-checklist/","page","true","200","https://familyboard.win/guides/seasonal-home-maintenance-checklist/","Seasonal Home Maintenance Checklist: Plan Around Weather, Equipment and Your Climate","Build a seasonal home maintenance plan based on climate, equipment and changing household demands instead of copying a one-size-fits-all list.","1"
"https://familyboard.win/guides/serial-number-tracker/","page","true","200","https://familyboard.win/guides/serial-number-tracker/","Serial Number Tracker for Appliances, Electronics and Household Equipment","Keep serial numbers connected to the correct household asset, model, purchase record and photo so they remain useful later.","1"
"https://familyboard.win/guides/service-history/","page","true","200","https://familyboard.win/guides/service-history/","Service History Tracker for Home Systems and Appliances","Track inspections, maintenance, repairs and professional service in one timeline for each household asset or system.","1"
"https://familyboard.win/guides/service-provider-contact-list/","page","true","200","https://familyboard.win/guides/service-provider-contact-list/","Household Service Provider Contact List: Plumber, HVAC, Electrician and More","Keep household service-provider contacts linked to the systems and prior work they know, with factual private notes and history.","1"
"https://familyboard.win/guides/smoke-alarm-records/","page","true","200","https://familyboard.win/guides/smoke-alarm-records/","Smoke Alarm Records: Keep Locations, Models and Test/Replacement History Organized","Organize smoke-alarm locations, model information and household test or replacement records while following manufacturer and local fire-safety guidance.","1"
"https://familyboard.win/guides/spring-home-maintenance-checklist/","page","true","200","https://familyboard.win/guides/spring-home-maintenance-checklist/","Spring Home Maintenance Checklist: Reset the House After Winter or a Wet Season","A flexible spring home maintenance guide for moisture, exterior condition, cooling preparation, records and seasonal household reset.","1"
"https://familyboard.win/guides/storage-unit-inventory/","page","true","200","https://familyboard.win/guides/storage-unit-inventory/","Storage Unit Inventory: Know What Is Off-Site Without Opening Every Box","Track storage-unit boxes, major items, photos, locations and access notes while keeping sensitive access credentials out of the general household record.","1"
"https://familyboard.win/guides/storm-preparation-home-checklist/","page","true","200","https://familyboard.win/guides/storm-preparation-home-checklist/","Storm Preparation Home Checklist: Organize Information, Supplies and Household Responsibilities","A household storm-preparation framework for contacts, devices, supplies, property tasks and family responsibilities, with local official guidance taking priority.","1"
"https://familyboard.win/guides/subscription-renewal-tracker/","page","true","200","https://familyboard.win/guides/subscription-renewal-tracker/","Subscription Renewal Tracker: Review Services Before the Charge Happens","Track monthly and annual subscription renewals with lead-time reminders, account ownership and cancellation notes.","1"
"https://familyboard.win/guides/summer-home-maintenance-checklist/","page","true","200","https://familyboard.win/guides/summer-home-maintenance-checklist/","Summer Home Maintenance Checklist: Cooling, Travel, Outdoor Use and Mid-Year Review","A practical summer household checklist covering cooling performance, travel preparation, outdoor use, maintenance records and mid-year obligations.","1"
"https://familyboard.win/guides/travel-household-handoff/","page","true","200","https://familyboard.win/guides/travel-household-handoff/","Travel Household Handoff: What Someone at Home Needs While You Are Away","Create a travel handoff for pets, deliveries, household tasks, appointments, service providers and emergency contacts without oversharing.","1"
"https://familyboard.win/guides/ups-battery-backup-records/","page","true","200","https://familyboard.win/guides/ups-battery-backup-records/","UPS and Battery Backup Records: Device Age, Battery Changes and Protected Equipment","Organize household UPS and battery-backup devices by model, protected equipment, battery replacement history and manufacturer test guidance.","1"
"https://familyboard.win/guides/utility-shutoff-information/","page","true","200","https://familyboard.win/guides/utility-shutoff-information/","Utility Shutoff Information: Document Locations Without Encouraging Unsafe Action","Keep accurate household references for utility controls and service contacts while leaving hazardous operations to qualified guidance.","1"
"https://familyboard.win/guides/vacation-home-shutdown-checklist/","page","true","200","https://familyboard.win/guides/vacation-home-shutdown-checklist/","Vacation Home Shutdown Checklist: What to Review Before You Leave","Create a household vacation shutdown routine for deliveries, pets, appliances, temperature, waste, service appointments and handoff contacts.","1"
"https://familyboard.win/guides/vacuum-cleaner-maintenance-guide/","page","true","200","https://familyboard.win/guides/vacuum-cleaner-maintenance-guide/","Vacuum Cleaner Maintenance Guide: Filters, Bags, Brushes and Service Records","Track vacuum-cleaner consumables, user-cleanable parts, model details and repair history without assuming every vacuum uses the same system.","1"
"https://familyboard.win/guides/valuable-item-inventory/","page","true","200","https://familyboard.win/guides/valuable-item-inventory/","Valuable Item Inventory: Build Clear Records Without Turning the App into an Appraisal Tool","Organize valuable household items with photos, identifying details, purchase records and document references while leaving valuation to qualified sources.","1"
"https://familyboard.win/guides/warranty-expiration/","page","true","200","https://familyboard.win/guides/warranty-expiration/","Warranty Expiration: How to Track the Date Without Assuming Coverage","Calculate a warranty end date from purchase or start information, then confirm the written terms before relying on the result.","1"
"https://familyboard.win/guides/washing-machine-maintenance-checklist/","page","true","200","https://familyboard.win/guides/washing-machine-maintenance-checklist/","Washing Machine Maintenance Checklist: Cleaning, Hoses, Filters and Service Records","Keep washing-machine cleaning, accessible hose/filter checks, warranty details and repair history organized around your actual model.","1"
"https://familyboard.win/guides/water-filter-replacement-guide/","page","true","200","https://familyboard.win/guides/water-filter-replacement-guide/","Water Filter Replacement Guide: Track the Correct Filter, Date and System","Keep household water-filter models, compatible replacement references and change history organized without relying on one universal interval.","1"
"https://familyboard.win/guides/water-heater-maintenance-records/","page","true","200","https://familyboard.win/guides/water-heater-maintenance-records/","Water Heater Maintenance Records: Model, Service, Warranty and Replacement History","Keep water-heater model information, installation date, professional service history, warranty and household notes organized safely.","1"
"https://familyboard.win/guides/water-leak-response-home-records/","page","true","200","https://familyboard.win/guides/water-leak-response-home-records/","Water Leak Response Records: What to Document While You Arrange Repair","Keep a clear timeline of a household water leak, observations, photos, contacts, service visits and repair outcomes while following safety and professional guidance.","1"
"https://familyboard.win/guides/water-softener-maintenance-records/","page","true","200","https://familyboard.win/guides/water-softener-maintenance-records/","Water Softener Maintenance Records: Supplies, Settings and Service History","Organize water-softener model details, consumables, cleaning or service reminders and household water-treatment history.","1"
"https://familyboard.win/guides/what-spouse-needs-to-know/","page","true","200","https://familyboard.win/guides/what-spouse-needs-to-know/","What Your Spouse or Partner Needs to Know About the Household","Make invisible household admin transferable by documenting recurring obligations, providers, renewals, maintenance and emergency information.","1"
"https://familyboard.win/guides/wifi-router-maintenance-records/","page","true","200","https://familyboard.win/guides/wifi-router-maintenance-records/","Wi-Fi Router Records: Model, ISP, Warranty and Household Network Notes","Keep router model, ISP, purchase, warranty and non-sensitive network notes organized without turning a home-management app into a password vault.","1"
"https://familyboard.win/guides/winter-home-maintenance-checklist/","page","true","200","https://familyboard.win/guides/winter-home-maintenance-checklist/","Winter Home Maintenance Checklist: Monitor, Document and Respond Early","A winter home checklist focused on active monitoring, heating records, moisture, emergency readiness and small problems before they grow.","1"
"https://familyboard.win/","page","true","200","https://familyboard.win/","FamilyBoard — A Private Home Management System for Everything Your Household Runs","Keep home maintenance, warranties, assets, subscriptions, recurring tasks and emergency information together in a private local-first household dashboard.","1"
"https://familyboard.win/offline/","page","false","200","https://familyboard.win/offline/","You are offline | FamilyBoard","FamilyBoard is offline. Previously loaded app records may still be available.","1"
"https://familyboard.win/pricing/","page","true","200","https://familyboard.win/pricing/","FamilyBoard Pricing — Free Local-First Web App and Future Pro Options","FamilyBoard is free to use in its first local-first web release. See what is free today and which optional local Pro or encrypted sync features may come later.","1"
"https://familyboard.win/privacy/","page","true","200","https://familyboard.win/privacy/","Privacy — How FamilyBoard Handles Household Data","Understand what household data stays on your device, what public-site analytics may collect, and how backups work in the local-first FamilyBoard app.","1"
"https://familyboard.win/roadmap/","page","true","200","https://familyboard.win/roadmap/","FamilyBoard Roadmap — What Is Available, Planned and Only Being Explored","See the transparent FamilyBoard roadmap for the free local-first PWA, desktop edition, exports, encrypted sync and future mobile options.","1"
"https://familyboard.win/search/","page","true","200","https://familyboard.win/search/","Search Household Guides and Tools | FamilyBoard","Search FamilyBoard household guides, calculators, generators, checklists and templates.","1"
"https://familyboard.win/security/","page","true","200","https://familyboard.win/security/","Security and Local-First Architecture | FamilyBoard","Learn how FamilyBoard uses local browser storage, backups, optional encryption and data-minimization principles, plus the limits users should understand.","1"
"https://familyboard.win/templates/","printable","true","200","https://familyboard.win/templates/","Printable Household Templates | Inventory, Warranty, Repairs, Contacts and Chores","Use printable household templates for home inventory, appliances, warranties, repairs, service providers, contacts, chores, subscriptions and handoffs.","1"
"https://familyboard.win/templates/printable-annual-renewals/","printable","true","200","https://familyboard.win/templates/printable-annual-renewals/","Printable Annual Renewals Calendar | Household Services, Insurance and Memberships","Print a 12-month household renewal calendar for subscriptions, insurance references, memberships, registrations and recurring services.","1"
"https://familyboard.win/templates/printable-appliance-inventory/","printable","true","200","https://familyboard.win/templates/printable-appliance-inventory/","Printable Appliance Inventory | Models, Serial Numbers, Warranties and Service","Print an appliance inventory for kitchen, laundry, HVAC and other household equipment with model, serial, warranty and service fields.","1"
"https://familyboard.win/templates/printable-chore-chart/","printable","true","200","https://familyboard.win/templates/printable-chore-chart/","Printable Household Chore Chart | Fixed or Rotating Responsibilities","Print a simple chore chart with task, frequency, owner and rotation without relying on points or gamification.","1"
"https://familyboard.win/templates/printable-cleaning-schedule/","printable","true","200","https://familyboard.win/templates/printable-cleaning-schedule/","Printable Cleaning Schedule | Daily Reset, Weekly Cleaning and Rotating Deep Tasks","Print a flexible household cleaning schedule with daily, weekly and rotating deep-clean sections.","1"
"https://familyboard.win/templates/printable-emergency-contacts/","printable","true","200","https://familyboard.win/templates/printable-emergency-contacts/","Printable Emergency Contact Sheet | Family, Utility, Care and Local Support","Print a concise emergency contact sheet with household, local support, utility and care contacts plus a last-reviewed date.","1"
"https://familyboard.win/templates/printable-home-inventory-template/","printable","true","200","https://familyboard.win/templates/printable-home-inventory-template/","Printable Home Inventory Template | Room, Item, Model, Serial and Purchase Record","Print a practical home inventory template for meaningful household assets, photos, model numbers, serial numbers and purchase records.","1"
"https://familyboard.win/templates/printable-household-contacts/","printable","true","200","https://familyboard.win/templates/printable-household-contacts/","Printable Household Contact List | Family, Neighbors, Utilities and Services","Print a curated household contact list organized by role instead of exporting an entire phone address book.","1"
"https://familyboard.win/templates/printable-household-handoff-sheet/","printable","true","200","https://familyboard.win/templates/printable-household-handoff-sheet/","Printable Household Handoff Sheet | Tasks, Contacts, Services and Upcoming Obligations","Print a household handoff sheet with the next 30 days, recurring responsibilities, service contacts, pets, utilities and emergency references.","1"
"https://familyboard.win/templates/printable-repair-log/","printable","true","200","https://familyboard.win/templates/printable-repair-log/","Printable Home Repair Log | Problem, Service, Cost and Outcome","Print a repair log for household assets with symptom, date, provider, work performed, cost, outcome and follow-up.","1"
"https://familyboard.win/templates/printable-service-provider-list/","printable","true","200","https://familyboard.win/templates/printable-service-provider-list/","Printable Home Service Provider List | Contractors and Household Contacts","Print a household service-provider list with trade, company, contact, prior work and related home system.","1"
"https://familyboard.win/templates/printable-subscription-tracker/","printable","true","200","https://familyboard.win/templates/printable-subscription-tracker/","Printable Subscription Tracker | Cost, Billing Cycle, Owner and Renewal Date","Print a household subscription tracker with cost, billing frequency, account owner, next renewal and cancellation notes.","1"
"https://familyboard.win/templates/printable-warranty-tracker/","printable","true","200","https://familyboard.win/templates/printable-warranty-tracker/","Printable Warranty Tracker | Purchase Dates, Terms and Expiration Review","Print a warranty tracker for household purchases with proof-of-purchase, model, start date, term and pre-expiration review fields.","1"
"https://familyboard.win/terms/","page","true","200","https://familyboard.win/terms/","Terms of Use | FamilyBoard","Terms for using the free FamilyBoard website, local-first app, tools and printables.","1"
"https://familyboard.win/tools/annual-subscription-cost-calculator/","tool","true","200","https://familyboard.win/tools/annual-subscription-cost-calculator/","Annual Subscription Cost Calculator | Convert Monthly, Weekly or Quarterly Pricing","Convert a recurring subscription price into its approximate yearly cost and compare billing frequencies clearly.","1"
"https://familyboard.win/tools/appliance-age-calculator/","tool","true","200","https://familyboard.win/tools/appliance-age-calculator/","Free Appliance Age Calculator | Calculate Age from Purchase or Installation Date","Calculate the known age of an appliance from its purchase or installation date and save the result with repair and warranty history.","1"
"https://familyboard.win/tools/appliance-maintenance-checklist-generator/","tool","true","200","https://familyboard.win/tools/appliance-maintenance-checklist-generator/","Appliance Maintenance Checklist Generator | Create Model-Aware Starter Tasks","Select household appliances and generate a maintenance-record checklist that tells you what to verify in each manufacturer manual rather than inventing universal intervals.","1"
"https://familyboard.win/tools/appliance-replacement-planner/","tool","true","200","https://familyboard.win/tools/appliance-replacement-planner/","Free Appliance Replacement Planner | Build a Household Watch List","Create an appliance replacement watch list using known age, repair history, condition and household disruption without predicting exact failure dates.","1"
"https://familyboard.win/tools/cleaning-schedule-generator/","tool","true","200","https://familyboard.win/tools/cleaning-schedule-generator/","Free Cleaning Schedule Generator | Daily, Weekly and Deep-Cleaning Plan","Generate a realistic cleaning routine by rooms, household size, pets and preferred frequency, then edit it before saving or printing.","1"
"https://familyboard.win/tools/emergency-binder-generator/","tool","true","200","https://familyboard.win/tools/emergency-binder-generator/","Free Emergency Binder Generator | Build a Household Information Packet","Create a customizable household emergency binder with contacts, household information, pets, utilities and secure document references.","1"
"https://familyboard.win/tools/emergency-contact-sheet-generator/","tool","true","200","https://familyboard.win/tools/emergency-contact-sheet-generator/","Free Emergency Contact Sheet Generator | Household, Utility and Care Contacts","Create a printable emergency contact sheet with household members, nearby support, utilities, care contacts and a last-reviewed date.","1"
"https://familyboard.win/tools/home-handoff-summary-generator/","tool","true","200","https://familyboard.win/tools/home-handoff-summary-generator/","Home Handoff Summary Generator | What Another Person Needs to Run the Household","Create a household handoff with upcoming tasks, services, pets, recurring obligations, contacts and emergency references while limiting private data.","1"
"https://familyboard.win/tools/home-inventory-checklist-generator/","tool","true","200","https://familyboard.win/tools/home-inventory-checklist-generator/","Free Home Inventory Checklist Generator | Room-by-Room Starter List","Generate a selective room-by-room home inventory checklist for appliances, electronics, furniture, tools and valuable household items.","1"
"https://familyboard.win/tools/home-maintenance-cost-tracker/","tool","true","200","https://familyboard.win/tools/home-maintenance-cost-tracker/","Free Home Maintenance Cost Tracker | Repairs, Service and Planned Work","Track actual household maintenance, repair and replacement spending by date, asset and category without linking bank accounts.","1"
"https://familyboard.win/tools/home-maintenance-schedule-generator/","tool","true","200","https://familyboard.win/tools/home-maintenance-schedule-generator/","Free Home Maintenance Schedule Generator | Build a Custom Household Plan","Create a starter home maintenance schedule based on your home type, systems and seasons, then edit it to match actual manuals and local conditions.","1"
"https://familyboard.win/tools/home-repair-cost-log/","tool","true","200","https://familyboard.win/tools/home-repair-cost-log/","Home Repair Cost Log | Track Repairs by Appliance, System and Date","Create a private repair cost log with symptom, provider, cost, outcome and asset history to understand repeated household repairs.","1"
"https://familyboard.win/tools/home-service-reminder-generator/","tool","true","200","https://familyboard.win/tools/home-service-reminder-generator/","Home Service Reminder Generator | Create Clear Maintenance and Renewal Reminders","Create a home-service reminder with the asset, next action, lead time, provider and notes instead of a vague calendar alert.","1"
"https://familyboard.win/tools/house-sitter-instruction-generator/","tool","true","200","https://familyboard.win/tools/house-sitter-instruction-generator/","Free House Sitter Instructions Generator | Home, Pets, Contacts and Daily Tasks","Generate a limited house-sitter packet with daily responsibilities, contacts, pets, deliveries and escalation steps without exposing unrelated household data.","1"
"https://familyboard.win/tools/household-annual-review-generator/","tool","true","200","https://familyboard.win/tools/household-annual-review-generator/","Household Annual Review Generator | Maintenance, Renewals, Records and Backups","Create a customized annual household review for assets, maintenance, warranties, subscriptions, contacts, emergency information and backups.","1"
"https://familyboard.win/tools/household-document-index-generator/","tool","true","200","https://familyboard.win/tools/household-document-index-generator/","Household Document Index Generator | Build a Digital Home Binder Structure","Generate a household document index for property, appliances, warranties, insurance references, utilities, vehicles, pets and emergency information.","1"
"https://familyboard.win/tools/household-subscription-cost-calculator/","tool","true","200","https://familyboard.win/tools/household-subscription-cost-calculator/","Household Subscription Cost Calculator | Monthly and Annual Total","Add household subscriptions with monthly, annual or custom billing cycles and see the normalized monthly and yearly total.","1"
"https://familyboard.win/tools/","tool","true","200","https://familyboard.win/tools/","Free Home Management Tools and Calculators | FamilyBoard","Use free local browser tools for maintenance schedules, warranties, home inventory, subscriptions, emergency binders, moving and household handoffs.","1"
"https://familyboard.win/tools/move-in-checklist-generator/","tool","true","200","https://familyboard.win/tools/move-in-checklist-generator/","Free Move-In Checklist Generator | Utilities, Records, Inventory and Home Setup","Generate a move-in checklist based on renter/owner status, home type, utilities, appliances, pets and household setup needs.","1"
"https://familyboard.win/tools/pet-sitter-instruction-generator/","tool","true","200","https://familyboard.win/tools/pet-sitter-instruction-generator/","Free Pet Sitter Instructions Generator | Routine, Supplies and Vet Contacts","Create a pet-sitter care sheet with user-entered feeding, routine, supplies, veterinarian contacts and emergency escalation information.","1"
"https://familyboard.win/tools/receipt-retention-organizer/","tool","true","200","https://familyboard.win/tools/receipt-retention-organizer/","Receipt Retention Organizer | Sort Household Receipts by Purpose and Review Date","Classify household receipts by warranty, return, property, tax, insurance or reference purpose and assign a review date without automatic deletion.","1"
"https://familyboard.win/tools/recurring-chore-planner/","tool","true","200","https://familyboard.win/tools/recurring-chore-planner/","Free Recurring Chore Planner | Build a Household Routine by Frequency and Owner","Create a recurring chore plan by household members, rooms, frequency and rotation without overloading the family with notifications.","1"
"https://familyboard.win/tools/room-inventory-generator/","tool","true","200","https://familyboard.win/tools/room-inventory-generator/","Room Inventory Generator | Build a Checklist for Any Room in Your Home","Generate a focused room inventory for moving, insurance preparation, maintenance or household records.","1"
"https://familyboard.win/tools/vacation-shutdown-checklist-generator/","tool","true","200","https://familyboard.win/tools/vacation-shutdown-checklist-generator/","Vacation Home Shutdown Checklist Generator | Build a Pre-Travel Household List","Create a customized pre-travel household checklist for pets, deliveries, waste, plants, services, appliances and a trusted-contact handoff.","1"
"https://familyboard.win/tools/warranty-checklist-generator/","tool","true","200","https://familyboard.win/tools/warranty-checklist-generator/","Warranty Checklist Generator | Capture the Right Purchase Information Before You Forget","Generate a quick warranty-record checklist for purchase date, receipt, model, serial, registration and warranty terms.","1"
"https://familyboard.win/tools/warranty-expiration-calculator/","tool","true","200","https://familyboard.win/tools/warranty-expiration-calculator/","Free Warranty Expiration Calculator | Purchase Date + Warranty Term","Calculate an estimated warranty end date from a known start date and warranty term, then save the date and source with the household asset.","1"