"Room / 房間","Item / 品項","Brand / model / 品牌／型號","Serial number / 序號","Purchase date / 購買日期","Receipt / photo reference / 收據／照片索引","Notes / 備註"
"","","","","","",""
"","","","","","",""
"","","","","","",""
"","","","","","",""
"","","","","","",""
"","","","","","",""
"","","","","","",""
"","","","","","",""
"","","","","","",""
"","","","","","",""
"","","","","","",""
"","","","","","",""
"","","","","","",""
"","","","","","",""
"","","","","","",""
"","","","","","",""
"","","","","","",""
"","","","","","",""
"","","","","","",""
"","","","","","",""
