url,indexable,important,click_depth,reachable,gate,issue
https://familyboard.win/,true,YES,0,YES,PASS,
https://familyboard.win/features/,true,YES,1,YES,PASS,
https://familyboard.win/features/home-dashboard/,true,NO,2,YES,PASS,
https://familyboard.win/features/home-inventory-tracker/,true,YES,1,YES,PASS,
https://familyboard.win/features/maintenance-tracker/,true,NO,1,YES,PASS,
https://familyboard.win/features/warranty-tracker/,true,NO,2,YES,PASS,
https://familyboard.win/features/household-documents-organizer/,true,NO,2,YES,PASS,
https://familyboard.win/features/household-subscription-tracker/,true,NO,2,YES,PASS,
https://familyboard.win/features/family-task-manager/,true,NO,2,YES,PASS,
https://familyboard.win/features/household-calendar/,true,NO,2,YES,PASS,
https://familyboard.win/features/emergency-information-organizer/,true,NO,2,YES,PASS,
https://familyboard.win/features/household-handoff/,true,NO,1,YES,PASS,
https://familyboard.win/features/family-display-mode/,true,NO,2,YES,PASS,
https://familyboard.win/features/local-first-home-organizer/,true,NO,2,YES,PASS,
https://familyboard.win/features/private-family-organizer/,true,NO,2,YES,PASS,
https://familyboard.win/features/offline-household-organizer/,true,NO,2,YES,PASS,
https://familyboard.win/features/no-account-family-organizer/,true,NO,2,YES,PASS,
https://familyboard.win/features/home-record-keeper/,true,NO,2,YES,PASS,
https://familyboard.win/features/household-operations-system/,true,NO,2,YES,PASS,
https://familyboard.win/features/free-home-management-app/,true,NO,2,YES,PASS,
https://familyboard.win/guides/home-maintenance-schedule/,true,NO,2,YES,PASS,
https://familyboard.win/guides/monthly-home-maintenance-checklist/,true,NO,1,YES,PASS,
https://familyboard.win/guides/quarterly-home-maintenance-checklist/,true,NO,1,YES,PASS,
https://familyboard.win/guides/seasonal-home-maintenance-checklist/,true,NO,1,YES,PASS,
https://familyboard.win/guides/spring-home-maintenance-checklist/,true,NO,1,YES,PASS,
https://familyboard.win/guides/summer-home-maintenance-checklist/,true,NO,1,YES,PASS,
https://familyboard.win/guides/fall-home-maintenance-checklist/,true,NO,1,YES,PASS,
https://familyboard.win/guides/winter-home-maintenance-checklist/,true,NO,1,YES,PASS,
https://familyboard.win/guides/first-time-homeowner-maintenance-guide/,true,NO,1,YES,PASS,
https://familyboard.win/guides/apartment-maintenance-checklist/,true,NO,1,YES,PASS,
https://familyboard.win/guides/condo-maintenance-checklist/,true,NO,1,YES,PASS,
https://familyboard.win/guides/rental-home-maintenance-log/,true,NO,1,YES,PASS,
https://familyboard.win/guides/home-maintenance-records/,true,NO,1,YES,PASS,
https://familyboard.win/guides/home-repair-history/,true,NO,1,YES,PASS,
https://familyboard.win/guides/preventive-home-maintenance/,true,NO,1,YES,PASS,
https://familyboard.win/guides/maintenance-priorities/,true,YES,1,YES,PASS,
https://familyboard.win/guides/home-maintenance-calendar/,true,NO,1,YES,PASS,
https://familyboard.win/guides/home-maintenance-binder/,true,NO,1,YES,PASS,
https://familyboard.win/guides/home-maintenance-log/,true,NO,2,YES,PASS,
https://familyboard.win/guides/home-maintenance-budget/,true,NO,1,YES,PASS,
https://familyboard.win/guides/home-maintenance-reminders/,true,NO,1,YES,PASS,
https://familyboard.win/guides/home-maintenance-after-vacation/,true,NO,1,YES,PASS,
https://familyboard.win/guides/move-in-maintenance-checklist/,true,NO,1,YES,PASS,
https://familyboard.win/guides/move-out-home-records/,true,NO,2,YES,PASS,
https://familyboard.win/guides/annual-home-review/,true,NO,1,YES,PASS,
https://familyboard.win/guides/storm-preparation-home-checklist/,true,NO,2,YES,PASS,
https://familyboard.win/guides/power-outage-home-preparedness/,true,NO,2,YES,PASS,
https://familyboard.win/guides/water-leak-response-home-records/,true,NO,2,YES,PASS,
https://familyboard.win/guides/familyboard-household-members-responsibilities-tutorial/,true,NO,1,YES,PASS,
https://familyboard.win/guides/familyboard-documents-source-review-tutorial/,true,NO,1,YES,PASS,
https://familyboard.win/guides/familyboard-emergency-information-privacy-tutorial/,true,NO,1,YES,PASS,
https://familyboard.win/tools/household-backup-recovery-checker/,true,NO,1,YES,PASS,
https://familyboard.win/guides/familyboard-backup-recovery-checker-tutorial/,true,NO,1,YES,PASS,
https://familyboard.win/guides/familyboard-event-duration-calculator-tutorial/,true,NO,1,YES,PASS,
https://familyboard.win/guides/home-service-provider-list/,true,NO,2,YES,PASS,
https://familyboard.win/guides/home-maintenance-delegation/,true,NO,1,YES,PASS,
https://familyboard.win/guides/refrigerator-maintenance-checklist/,true,NO,1,YES,PASS,
https://familyboard.win/guides/freezer-maintenance-checklist/,true,NO,1,YES,PASS,
https://familyboard.win/guides/washing-machine-maintenance-checklist/,true,NO,1,YES,PASS,
https://familyboard.win/guides/dryer-maintenance-checklist/,true,NO,1,YES,PASS,
https://familyboard.win/guides/dishwasher-maintenance-checklist/,true,NO,1,YES,PASS,
https://familyboard.win/guides/oven-maintenance-checklist/,true,NO,1,YES,PASS,
https://familyboard.win/guides/microwave-maintenance-checklist/,true,NO,2,YES,PASS,
https://familyboard.win/guides/range-hood-maintenance-checklist/,true,NO,1,YES,PASS,
https://familyboard.win/guides/air-conditioner-maintenance-checklist/,true,NO,1,YES,PASS,
https://familyboard.win/guides/hvac-filter-tracker/,true,NO,2,YES,PASS,
https://familyboard.win/guides/furnace-maintenance-records/,true,NO,2,YES,PASS,
https://familyboard.win/guides/heat-pump-maintenance-records/,true,NO,2,YES,PASS,
https://familyboard.win/guides/water-heater-maintenance-records/,true,NO,2,YES,PASS,
https://familyboard.win/guides/water-softener-maintenance-records/,true,NO,2,YES,PASS,
https://familyboard.win/guides/water-filter-replacement-guide/,true,NO,2,YES,PASS,
https://familyboard.win/guides/air-purifier-maintenance-guide/,true,NO,2,YES,PASS,
https://familyboard.win/guides/dehumidifier-maintenance-guide/,true,NO,2,YES,PASS,
https://familyboard.win/guides/humidifier-maintenance-guide/,true,NO,2,YES,PASS,
https://familyboard.win/guides/ceiling-fan-maintenance-checklist/,true,NO,2,YES,PASS,
https://familyboard.win/guides/bathroom-exhaust-fan-maintenance-checklist/,true,NO,2,YES,PASS,
https://familyboard.win/guides/garbage-disposal-maintenance-guide/,true,NO,2,YES,PASS,
https://familyboard.win/guides/coffee-maker-maintenance-guide/,true,NO,2,YES,PASS,
https://familyboard.win/guides/robot-vacuum-maintenance-guide/,true,NO,2,YES,PASS,
https://familyboard.win/guides/vacuum-cleaner-maintenance-guide/,true,NO,2,YES,PASS,
https://familyboard.win/guides/computer-electronics-inventory/,true,NO,2,YES,PASS,
https://familyboard.win/guides/wifi-router-maintenance-records/,true,NO,2,YES,PASS,
https://familyboard.win/guides/ups-battery-backup-records/,true,NO,2,YES,PASS,
https://familyboard.win/guides/smoke-alarm-records/,true,NO,2,YES,PASS,
https://familyboard.win/guides/carbon-monoxide-alarm-records/,true,NO,2,YES,PASS,
https://familyboard.win/guides/fire-extinguisher-records/,true,NO,2,YES,PASS,
https://familyboard.win/guides/home-inventory-checklist/,true,YES,2,YES,PASS,
https://familyboard.win/guides/home-inventory-for-insurance/,true,NO,2,YES,PASS,
https://familyboard.win/guides/photo-home-inventory/,true,NO,2,YES,PASS,
https://familyboard.win/guides/room-by-room-home-inventory/,true,NO,2,YES,PASS,
https://familyboard.win/guides/appliance-inventory/,true,NO,2,YES,PASS,
https://familyboard.win/guides/electronics-inventory/,true,NO,2,YES,PASS,
https://familyboard.win/guides/furniture-inventory/,true,NO,2,YES,PASS,
https://familyboard.win/guides/valuable-item-inventory/,true,NO,2,YES,PASS,
https://familyboard.win/guides/serial-number-tracker/,true,NO,2,YES,PASS,
https://familyboard.win/guides/purchase-receipt-organizer/,true,NO,2,YES,PASS,
https://familyboard.win/guides/how-to-track-product-warranties/,true,NO,2,YES,PASS,
https://familyboard.win/guides/warranty-expiration/,true,NO,2,YES,PASS,
https://familyboard.win/guides/product-registration-tracker/,true,NO,2,YES,PASS,
https://familyboard.win/guides/repair-history/,true,NO,2,YES,PASS,
https://familyboard.win/guides/service-history/,true,NO,2,YES,PASS,
https://familyboard.win/guides/appliance-replacement-planning/,true,YES,2,YES,PASS,
https://familyboard.win/guides/appliance-lifespan-planning/,true,NO,2,YES,PASS,
https://familyboard.win/guides/household-replacement-reserve/,true,NO,2,YES,PASS,
https://familyboard.win/guides/home-purchase-records/,true,NO,2,YES,PASS,
https://familyboard.win/guides/renovation-records/,true,NO,2,YES,PASS,
https://familyboard.win/guides/contractor-records/,true,NO,2,YES,PASS,
https://familyboard.win/guides/home-improvement-receipts/,true,NO,2,YES,PASS,
https://familyboard.win/guides/moving-inventory/,true,NO,2,YES,PASS,
https://familyboard.win/guides/storage-unit-inventory/,true,NO,2,YES,PASS,
https://familyboard.win/guides/digital-home-inventory-backup/,true,NO,2,YES,PASS,
https://familyboard.win/guides/household-documents-organizer/,true,NO,2,YES,PASS,
https://familyboard.win/guides/digital-home-binder/,true,NO,2,YES,PASS,
https://familyboard.win/guides/important-household-documents/,true,NO,2,YES,PASS,
https://familyboard.win/guides/how-long-to-keep-household-records/,true,NO,2,YES,PASS,
https://familyboard.win/guides/organize-appliance-manuals/,true,NO,2,YES,PASS,
https://familyboard.win/guides/organize-insurance-documents/,true,NO,2,YES,PASS,
https://familyboard.win/guides/organize-utility-account-information/,true,NO,2,YES,PASS,
https://familyboard.win/guides/organize-vehicle-documents-at-home/,true,NO,2,YES,PASS,
https://familyboard.win/guides/organize-pet-records/,true,NO,2,YES,PASS,
https://familyboard.win/guides/organize-school-records-at-home/,true,NO,2,YES,PASS,
https://familyboard.win/guides/emergency-binder/,true,NO,2,YES,PASS,
https://familyboard.win/guides/family-emergency-contacts/,true,NO,2,YES,PASS,
https://familyboard.win/guides/emergency-information-sheet/,true,YES,2,YES,PASS,
https://familyboard.win/guides/home-evacuation-information/,true,NO,2,YES,PASS,
https://familyboard.win/guides/utility-shutoff-information/,true,NO,2,YES,PASS,
https://familyboard.win/guides/emergency-supply-inventory/,true,NO,2,YES,PASS,
https://familyboard.win/guides/household-medical-information-organization/,true,NO,2,YES,PASS,
https://familyboard.win/guides/caregiver-handoff-checklist/,true,NO,2,YES,PASS,
https://familyboard.win/guides/household-handoff/,true,NO,2,YES,PASS,
https://familyboard.win/guides/travel-household-handoff/,true,NO,2,YES,PASS,
https://familyboard.win/guides/house-sitter-information/,true,NO,2,YES,PASS,
https://familyboard.win/guides/pet-sitter-information/,true,NO,2,YES,PASS,
https://familyboard.win/guides/family-continuity-plan/,true,NO,2,YES,PASS,
https://familyboard.win/guides/what-spouse-needs-to-know/,true,NO,2,YES,PASS,
https://familyboard.win/guides/household-admin-backup-person/,true,NO,2,YES,PASS,
https://familyboard.win/guides/household-management-checklist/,true,YES,2,YES,PASS,
https://familyboard.win/guides/divide-household-responsibilities/,true,NO,2,YES,PASS,
https://familyboard.win/guides/recurring-household-tasks/,true,NO,2,YES,PASS,
https://familyboard.win/guides/family-chore-system/,true,NO,2,YES,PASS,
https://familyboard.win/guides/chore-chart-for-adults/,true,NO,2,YES,PASS,
https://familyboard.win/guides/household-weekly-reset/,true,NO,2,YES,PASS,
https://familyboard.win/guides/household-monthly-review/,true,NO,1,YES,PASS,
https://familyboard.win/guides/household-admin-day/,true,NO,2,YES,PASS,
https://familyboard.win/guides/organize-household-subscriptions/,true,NO,2,YES,PASS,
https://familyboard.win/guides/subscription-renewal-tracker/,true,NO,2,YES,PASS,
https://familyboard.win/guides/recurring-bills-tracker/,true,NO,2,YES,PASS,
https://familyboard.win/guides/annual-renewal-calendar/,true,NO,2,YES,PASS,
https://familyboard.win/guides/household-account-list/,true,NO,2,YES,PASS,
https://familyboard.win/guides/home-contact-list/,true,NO,2,YES,PASS,
https://familyboard.win/guides/service-provider-contact-list/,true,NO,2,YES,PASS,
https://familyboard.win/guides/household-shopping-staples/,true,NO,2,YES,PASS,
https://familyboard.win/guides/pantry-restock-system/,true,NO,2,YES,PASS,
https://familyboard.win/guides/household-supplies-inventory/,true,NO,1,YES,PASS,
https://familyboard.win/guides/cleaning-schedule/,true,NO,2,YES,PASS,
https://familyboard.win/guides/deep-cleaning-tracker/,true,NO,2,YES,PASS,
https://familyboard.win/guides/guest-preparation-checklist/,true,NO,2,YES,PASS,
https://familyboard.win/guides/vacation-home-shutdown-checklist/,true,NO,2,YES,PASS,
https://familyboard.win/guides/returning-home-after-travel-checklist/,true,NO,2,YES,PASS,
https://familyboard.win/guides/moving-house-organizer/,true,NO,2,YES,PASS,
https://familyboard.win/guides/new-home-setup-checklist/,true,NO,2,YES,PASS,
https://familyboard.win/tools/home-maintenance-schedule-generator/,true,YES,1,YES,PASS,
https://familyboard.win/tools/warranty-expiration-calculator/,true,NO,1,YES,PASS,
https://familyboard.win/tools/appliance-age-calculator/,true,NO,2,YES,PASS,
https://familyboard.win/tools/appliance-replacement-planner/,true,NO,2,YES,PASS,
https://familyboard.win/tools/household-subscription-cost-calculator/,true,NO,2,YES,PASS,
https://familyboard.win/tools/annual-subscription-cost-calculator/,true,NO,2,YES,PASS,
https://familyboard.win/tools/home-maintenance-cost-tracker/,true,NO,2,YES,PASS,
https://familyboard.win/tools/home-repair-cost-log/,true,NO,2,YES,PASS,
https://familyboard.win/tools/emergency-binder-generator/,true,NO,2,YES,PASS,
https://familyboard.win/tools/home-inventory-checklist-generator/,true,NO,2,YES,PASS,
https://familyboard.win/tools/room-inventory-generator/,true,NO,2,YES,PASS,
https://familyboard.win/tools/recurring-chore-planner/,true,NO,2,YES,PASS,
https://familyboard.win/tools/cleaning-schedule-generator/,true,NO,2,YES,PASS,
https://familyboard.win/tools/home-service-reminder-generator/,true,NO,2,YES,PASS,
https://familyboard.win/tools/household-annual-review-generator/,true,NO,2,YES,PASS,
https://familyboard.win/tools/move-in-checklist-generator/,true,NO,2,YES,PASS,
https://familyboard.win/tools/vacation-shutdown-checklist-generator/,true,NO,2,YES,PASS,
https://familyboard.win/tools/house-sitter-instruction-generator/,true,NO,2,YES,PASS,
https://familyboard.win/tools/pet-sitter-instruction-generator/,true,NO,2,YES,PASS,
https://familyboard.win/tools/warranty-checklist-generator/,true,NO,2,YES,PASS,
https://familyboard.win/tools/receipt-retention-organizer/,true,NO,2,YES,PASS,
https://familyboard.win/tools/household-document-index-generator/,true,NO,2,YES,PASS,
https://familyboard.win/tools/emergency-contact-sheet-generator/,true,NO,2,YES,PASS,
https://familyboard.win/tools/appliance-maintenance-checklist-generator/,true,NO,2,YES,PASS,
https://familyboard.win/tools/home-handoff-summary-generator/,true,NO,2,YES,PASS,
https://familyboard.win/checklists/printable-home-maintenance-checklist/,true,NO,1,YES,PASS,
https://familyboard.win/checklists/printable-monthly-home-checklist/,true,NO,1,YES,PASS,
https://familyboard.win/checklists/printable-seasonal-home-checklist/,true,NO,1,YES,PASS,
https://familyboard.win/templates/printable-home-inventory-template/,true,YES,1,YES,PASS,
https://familyboard.win/templates/printable-appliance-inventory/,true,NO,1,YES,PASS,
https://familyboard.win/templates/printable-warranty-tracker/,true,NO,1,YES,PASS,
https://familyboard.win/templates/printable-repair-log/,true,NO,1,YES,PASS,
https://familyboard.win/templates/printable-service-provider-list/,true,NO,2,YES,PASS,
https://familyboard.win/templates/printable-household-contacts/,true,NO,2,YES,PASS,
https://familyboard.win/templates/printable-emergency-contacts/,true,NO,2,YES,PASS,
https://familyboard.win/checklists/printable-emergency-binder-checklist/,true,NO,2,YES,PASS,
https://familyboard.win/checklists/printable-house-sitter-checklist/,true,NO,2,YES,PASS,
https://familyboard.win/checklists/printable-pet-sitter-checklist/,true,NO,2,YES,PASS,
https://familyboard.win/templates/printable-cleaning-schedule/,true,NO,2,YES,PASS,
https://familyboard.win/templates/printable-chore-chart/,true,NO,2,YES,PASS,
https://familyboard.win/templates/printable-subscription-tracker/,true,NO,2,YES,PASS,
https://familyboard.win/templates/printable-annual-renewals/,true,NO,2,YES,PASS,
https://familyboard.win/checklists/printable-moving-checklist/,true,NO,2,YES,PASS,
https://familyboard.win/checklists/printable-new-home-checklist/,true,NO,2,YES,PASS,
https://familyboard.win/templates/printable-household-handoff-sheet/,true,NO,1,YES,PASS,
https://familyboard.win/tools/move-out-condition-record-generator/,true,NO,2,YES,PASS,
https://familyboard.win/tools/home-emergency-drill-record-generator/,true,NO,2,YES,PASS,
https://familyboard.win/tools/emergency-supply-inventory-audit/,true,NO,2,YES,PASS,
https://familyboard.win/tools/emergency-contact-verification-log/,true,NO,2,YES,PASS,
https://familyboard.win/tools/household-power-outage-event-log/,true,NO,2,YES,PASS,
https://familyboard.win/tools/household-water-leak-event-log/,true,NO,2,YES,PASS,
https://familyboard.win/tools/household-storm-readiness-review/,true,NO,2,YES,PASS,
https://familyboard.win/tools/home-service-provider-verification-log/,true,NO,2,YES,PASS,
https://familyboard.win/tools/home-repair-change-order-log/,true,NO,2,YES,PASS,
https://familyboard.win/tools/home-repair-punch-list/,true,NO,2,YES,PASS,
https://familyboard.win/tools/home-repair-closeout-checklist/,true,NO,2,YES,PASS,
https://familyboard.win/tools/warranty-claim-evidence-log/,true,NO,2,YES,PASS,
https://familyboard.win/tools/product-recall-action-log/,true,NO,2,YES,PASS,
https://familyboard.win/tools/appliance-service-visit-log/,true,NO,2,YES,PASS,
https://familyboard.win/tools/appliance-repair-callback-log/,true,NO,2,YES,PASS,
https://familyboard.win/tools/appliance-purchase-installation-record/,true,NO,2,YES,PASS,
https://familyboard.win/tools/purchase-delivery-evidence-log/,true,NO,2,YES,PASS,
https://familyboard.win/tools/moving-box-handover-log/,true,NO,2,YES,PASS,
https://familyboard.win/tools/storage-unit-access-inventory-log/,true,NO,2,YES,PASS,
https://familyboard.win/tools/household-record-retrieval-drill-log/,true,NO,2,YES,PASS,
https://familyboard.win/tools/important-household-document-review/,true,NO,2,YES,PASS,
https://familyboard.win/tools/household-record-retention-decision-log/,true,NO,2,YES,PASS,
https://familyboard.win/tools/appliance-manual-source-check-log/,true,NO,2,YES,PASS,
https://familyboard.win/tools/household-insurance-policy-source-version-log/,true,NO,1,YES,PASS,
https://familyboard.win/tools/household-utility-provider-service-handoff-log/,true,NO,2,YES,PASS,
https://familyboard.win/tools/household-vehicle-document-source-status-log/,true,NO,2,YES,PASS,
https://familyboard.win/tools/household-pet-record-source-handoff-log/,true,NO,2,YES,PASS,
https://familyboard.win/tools/household-school-record-source-handoff-log/,true,NO,1,YES,PASS,
https://familyboard.win/tools/household-medical-information-source-handoff-log/,true,NO,1,YES,PASS,
https://familyboard.win/tools/caregiver-handoff-source-authorization-log/,true,NO,1,YES,PASS,
https://familyboard.win/tools/home-care-visit-scope-service-result-log/,true,NO,2,YES,PASS,
https://familyboard.win/tools/home-care-service-plan-change-notice-log/,true,NO,2,YES,PASS,
https://familyboard.win/tools/home-care-service-interruption-backup-continuity-log/,true,NO,2,YES,PASS,
https://familyboard.win/tools/home-care-complaint-response-resolution-log/,true,NO,2,YES,PASS,
https://familyboard.win/tools/home-care-charge-service-payment-discrepancy-log/,true,NO,2,YES,PASS,
https://familyboard.win/tools/home-care-payment-refund-collection-notice-log/,true,NO,2,YES,PASS,
https://familyboard.win/tools/rental-security-deposit-move-out-claim-log/,true,NO,2,YES,PASS,
https://familyboard.win/guides/subscription-cancellation-refund-records/,true,NO,2,YES,PASS,
https://familyboard.win/guides/familyboard-offline-backup-restore/,true,NO,2,YES,PASS,
https://familyboard.win/tools/household-meeting-agenda-action-log/,true,NO,2,YES,PASS,
https://familyboard.win/tools/household-pantry-expiry-review-log/,true,NO,2,YES,PASS,
https://familyboard.win/tools/household-clothing-care-repair-log/,true,NO,2,YES,PASS,
https://familyboard.win/tools/household-meal-prep-role-log/,true,NO,2,YES,PASS,
https://familyboard.win/tools/household-trip-packing-handoff-log/,true,NO,2,YES,PASS,
https://familyboard.win/tools/household-bill-source-status-log/,true,NO,2,YES,PASS,
https://familyboard.win/tools/household-share-access-review-log/,true,NO,2,YES,PASS,
https://familyboard.win/tools/household-inventory-photo-capture-log/,true,NO,2,YES,PASS,
https://familyboard.win/tools/household-document-renewal-review-log/,true,NO,2,YES,PASS,
https://familyboard.win/tools/household-internet-incident-review-log/,true,NO,2,YES,PASS,
https://familyboard.win/tools/household-meter-reading-review-log/,true,NO,2,YES,PASS,
https://familyboard.win/tools/household-accessibility-walkthrough-log/,true,NO,2,YES,PASS,
https://familyboard.win/tools/household-recycling-handoff-log/,true,NO,2,YES,PASS,
https://familyboard.win/tools/household-donation-handoff-log/,true,NO,2,YES,PASS,
https://familyboard.win/tools/household-mail-package-handoff-log/,true,NO,1,YES,PASS,
https://familyboard.win/tools/household-plant-care-handoff-log/,true,NO,1,YES,PASS,
https://familyboard.win/tools/household-guest-arrival-prep-log/,true,NO,2,YES,PASS,
https://familyboard.win/tools/household-school-pickup-handoff-log/,true,NO,2,YES,PASS,
https://familyboard.win/tools/household-return-handoff-log/,true,NO,2,YES,PASS,
https://familyboard.win/tools/household-subscription-cancellation-handoff-log/,true,NO,2,YES,PASS,
https://familyboard.win/tools/household-service-appointment-handoff-log/,true,NO,2,YES,PASS,
https://familyboard.win/tools/household-weekly-reset-action-log/,true,NO,2,YES,PASS,
https://familyboard.win/tools/household-monthly-review-action-log/,true,NO,2,YES,PASS,
https://familyboard.win/tools/household-school-activity-handoff-log/,true,NO,2,YES,PASS,
https://familyboard.win/tools/household-home-access-handoff-log/,true,NO,2,YES,PASS,
https://familyboard.win/zh-tw/guides/familyboard-home-access-handoff-tutorial/,true,NO,2,YES,PASS,
https://familyboard.win/zh-tw/tools/household-home-access-handoff-log/,true,NO,2,YES,PASS,
https://familyboard.win/tools/household-schedule-conflict-review-log/,true,NO,2,YES,PASS,
https://familyboard.win/zh-tw/tools/household-schedule-conflict-review-log/,true,NO,2,YES,PASS,
https://familyboard.win/zh-tw/guides/familyboard-schedule-conflict-review-tutorial/,true,NO,2,YES,PASS,
https://familyboard.win/tools/household-maintenance-priority-review-log/,true,NO,2,YES,PASS,
https://familyboard.win/zh-tw/tools/household-maintenance-priority-review-log/,true,NO,2,YES,PASS,
https://familyboard.win/zh-tw/guides/familyboard-maintenance-priority-review-tutorial/,true,NO,2,YES,PASS,
https://familyboard.win/tools/household-service-quote-comparison-log/,true,NO,2,YES,PASS,
https://familyboard.win/zh-tw/tools/household-service-quote-comparison-log/,true,NO,2,YES,PASS,
https://familyboard.win/zh-tw/guides/familyboard-service-quote-comparison-tutorial/,true,NO,2,YES,PASS,
https://familyboard.win/guides/familyboard-family-display-mode-setup/,true,NO,2,YES,PASS,
https://familyboard.win/zh-tw/guides/familyboard-family-display-mode-setup/,true,NO,2,YES,PASS,
https://familyboard.win/zh-tw/guides/familyboard-old-tablet-display-tutorial/,true,NO,2,YES,PASS,
https://familyboard.win/guides/familyboard-browser-storage-maintenance/,true,NO,2,YES,PASS,
https://familyboard.win/zh-tw/guides/familyboard-browser-storage-maintenance/,true,NO,2,YES,PASS,
https://familyboard.win/zh-tw/guides/familyboard-browser-storage-cleanup-tutorial/,true,NO,2,YES,PASS,
https://familyboard.win/tools/household-seasonal-reset-action-log/,true,NO,2,YES,PASS,
https://familyboard.win/zh-tw/tools/household-seasonal-reset-action-log/,true,NO,2,YES,PASS,
https://familyboard.win/zh-tw/guides/familyboard-seasonal-reset-tutorial/,true,NO,2,YES,PASS,
https://familyboard.win/tools/household-device-retirement-handoff-log/,true,NO,2,YES,PASS,
https://familyboard.win/zh-tw/tools/household-device-retirement-handoff-log/,true,NO,2,YES,PASS,
https://familyboard.win/zh-tw/guides/familyboard-device-retirement-tutorial/,true,NO,2,YES,PASS,
https://familyboard.win/tools/household-router-support-review-log/,true,NO,2,YES,PASS,
https://familyboard.win/zh-tw/tools/household-router-support-review-log/,true,NO,2,YES,PASS,
https://familyboard.win/zh-tw/guides/familyboard-router-support-review-tutorial/,true,NO,2,YES,PASS,
https://familyboard.win/tools/household-shopping-list-planner/,true,NO,1,YES,PASS,
https://familyboard.win/zh-tw/tools/household-shopping-list-planner/,true,NO,2,YES,PASS,
https://familyboard.win/zh-tw/guides/familyboard-shopping-list-planner-tutorial/,true,NO,2,YES,PASS,
https://familyboard.win/tools/household-account-list/,true,NO,1,YES,PASS,
https://familyboard.win/tools/household-responsibility-coverage-map/,true,NO,1,YES,PASS,
https://familyboard.win/tools/household-replacement-part-source-check-log/,true,NO,1,YES,PASS,
https://familyboard.win/tools/household-consumable-change-history-log/,true,NO,1,YES,PASS,
https://familyboard.win/tools/household-repair-evidence-timeline-log/,true,NO,1,YES,PASS,
https://familyboard.win/tools/household-insurance-claim-timeline-log/,true,NO,1,YES,PASS,
https://familyboard.win/tools/household-building-notice-response-log/,true,NO,1,YES,PASS,
https://familyboard.win/tools/rental-repair-request-log/,true,NO,1,YES,PASS,
https://familyboard.win/tools/household-school-closure-continuity-log/,true,NO,1,YES,PASS,
https://familyboard.win/guides/familyboard-power-outage-event-log-tutorial/,true,NO,1,YES,PASS,
https://familyboard.win/guides/familyboard-water-leak-event-log-tutorial/,true,NO,1,YES,PASS,
https://familyboard.win/tools/household-event-duration-calculator/,true,NO,1,YES,PASS,
https://familyboard.win/tools/household-event-source-index-log/,true,NO,1,YES,PASS,
https://familyboard.win/guides/familyboard-event-source-index-tutorial/,true,NO,1,YES,PASS,
https://familyboard.win/guides/familyboard-bill-review-tutorial/,true,NO,1,YES,PASS,
https://familyboard.win/guides/familyboard-internet-incident-tutorial/,true,NO,1,YES,PASS,
https://familyboard.win/guides/familyboard-meter-reading-tutorial/,true,NO,1,YES,PASS,
https://familyboard.win/guides/familyboard-share-access-tutorial/,true,NO,1,YES,PASS,
https://familyboard.win/guides/familyboard-photo-inventory-tutorial/,true,NO,1,YES,PASS,
https://familyboard.win/guides/familyboard-document-renewal-tutorial/,true,NO,1,YES,PASS,
https://familyboard.win/guides/familyboard-building-notice-response-tutorial/,true,NO,1,YES,PASS,
https://familyboard.win/guides/familyboard-rental-repair-request-tutorial/,true,NO,1,YES,PASS,
https://familyboard.win/guides/familyboard-repair-evidence-timeline-tutorial/,true,NO,1,YES,PASS,
https://familyboard.win/guides/familyboard-consumable-change-history-tutorial/,true,NO,1,YES,PASS,
https://familyboard.win/guides/familyboard-clothing-care-tutorial/,true,NO,1,YES,PASS,
https://familyboard.win/guides/familyboard-pantry-review-tutorial/,true,NO,1,YES,PASS,
https://familyboard.win/guides/familyboard-home-access-handoff-tutorial/,true,NO,1,YES,PASS,
https://familyboard.win/guides/familyboard-schedule-conflict-review-tutorial/,true,NO,1,YES,PASS,
https://familyboard.win/guides/familyboard-maintenance-priority-review-tutorial/,true,NO,1,YES,PASS,
https://familyboard.win/guides/familyboard-service-quote-comparison-tutorial/,true,NO,1,YES,PASS,
https://familyboard.win/guides/familyboard-old-tablet-display-tutorial/,true,NO,1,YES,PASS,
https://familyboard.win/guides/familyboard-browser-storage-cleanup-tutorial/,true,NO,1,YES,PASS,
https://familyboard.win/guides/familyboard-shopping-list-planner-tutorial/,true,NO,1,YES,PASS,
https://familyboard.win/guides/familyboard-seasonal-reset-tutorial/,true,NO,1,YES,PASS,
https://familyboard.win/guides/familyboard-device-retirement-tutorial/,true,NO,1,YES,PASS,
https://familyboard.win/guides/familyboard-household-meeting-tutorial/,true,NO,1,YES,PASS,
https://familyboard.win/guides/familyboard-weekly-reset-action-tutorial/,true,NO,1,YES,PASS,
https://familyboard.win/guides/familyboard-school-closure-continuity-tutorial/,true,NO,1,YES,PASS,
https://familyboard.win/guides/familyboard-guest-arrival-prep-tutorial/,true,NO,1,YES,PASS,
https://familyboard.win/guides/familyboard-donation-handoff-tutorial/,true,NO,1,YES,PASS,
https://familyboard.win/guides/familyboard-household-admin-backup-tutorial/,true,NO,1,YES,PASS,
https://familyboard.win/guides/familyboard-household-account-list-tutorial/,true,NO,1,YES,PASS,
https://familyboard.win/guides/familyboard-household-responsibility-coverage-tutorial/,true,NO,1,YES,PASS,
https://familyboard.win/guides/familyboard-replacement-part-source-check-tutorial/,true,NO,1,YES,PASS,
https://familyboard.win/guides/familyboard-mail-package-handoff-tutorial/,true,NO,1,YES,PASS,
https://familyboard.win/guides/familyboard-plant-care-handoff-tutorial/,true,NO,1,YES,PASS,
https://familyboard.win/guides/familyboard-recycling-handoff-tutorial/,true,NO,1,YES,PASS,
https://familyboard.win/guides/familyboard-household-return-handoff-tutorial/,true,NO,1,YES,PASS,
https://familyboard.win/guides/familyboard-school-pickup-handoff-tutorial/,true,NO,1,YES,PASS,
https://familyboard.win/guides/familyboard-service-appointment-handoff-tutorial/,true,NO,1,YES,PASS,
https://familyboard.win/guides/familyboard-subscription-cancellation-handoff-tutorial/,true,NO,1,YES,PASS,
https://familyboard.win/guides/familyboard-school-activity-handoff-tutorial/,true,NO,1,YES,PASS,
https://familyboard.win/guides/familyboard-monthly-review-action-tutorial/,true,NO,1,YES,PASS,
https://familyboard.win/guides/familyboard-router-support-review-tutorial/,true,NO,1,YES,PASS,
https://familyboard.win/guides/familyboard-trip-handoff-tutorial/,true,NO,1,YES,PASS,
https://familyboard.win/guides/familyboard-meal-prep-tutorial/,true,NO,1,YES,PASS,
https://familyboard.win/guides/familyboard-accessibility-walkthrough-tutorial/,true,NO,2,YES,PASS,
https://familyboard.win/guides/familyboard-household-handoff-tutorial/,true,NO,2,YES,PASS,
https://familyboard.win/guides/familyboard-insurance-claim-timeline-tutorial/,true,NO,2,YES,PASS,
https://familyboard.win/guides/familyboard-record-retrieval-drill-tutorial/,true,NO,1,YES,PASS,
https://familyboard.win/guides/familyboard-utility-provider-handoff-tutorial/,true,NO,1,YES,PASS,
https://familyboard.win/guides/familyboard-vehicle-document-source-status-tutorial/,true,NO,1,YES,PASS,
https://familyboard.win/tools/household-decision-register/,true,NO,2,YES,PASS,
https://familyboard.win/guides/familyboard-emergency-contact-verification-tutorial/,true,NO,1,YES,PASS,
https://familyboard.win/guides/familyboard-repair-punch-list-tutorial/,true,NO,1,YES,PASS,
https://familyboard.win/guides/familyboard-product-recall-action-tutorial/,true,NO,1,YES,PASS,
https://familyboard.win/guides/familyboard-home-maintenance-schedule-generator-tutorial/,true,NO,1,YES,PASS,
https://familyboard.win/guides/familyboard-warranty-expiration-calculator-tutorial/,true,NO,1,YES,PASS,
https://familyboard.win/guides/familyboard-household-subscription-cost-calculator-tutorial/,true,NO,1,YES,PASS,
https://familyboard.win/guides/familyboard-free-home-management-app-tutorial/,true,NO,1,YES,PASS,
https://familyboard.win/guides/familyboard-private-family-organizer-tutorial/,true,NO,1,YES,PASS,
https://familyboard.win/guides/familyboard-home-dashboard-weekly-review-tutorial/,true,NO,1,YES,PASS,
https://familyboard.win/guides/familyboard-master-csv-edit-import/,true,NO,1,YES,PASS,
https://familyboard.win/guides/familyboard-maintenance-history-review/,true,NO,1,YES,PASS,
https://familyboard.win/guides/familyboard-subscription-renewal-review/,true,NO,1,YES,PASS,
https://familyboard.win/tools/household-maintenance-delegation-map/,true,NO,1,YES,PASS,
https://familyboard.win/guides/familyboard-household-decision-register-tutorial/,true,NO,1,YES,PASS,
https://familyboard.win/tools/household-utility-bill-anomaly-log/,true,NO,2,YES,PASS,
https://familyboard.win/guides/familyboard-record-linking-tutorial/,true,NO,2,YES,PASS,
https://familyboard.win/guides/familyboard-utility-bill-difference-tutorial/,true,NO,2,YES,PASS,
https://familyboard.win/zh-tw/guides/familyboard-service-appointment-handoff-tutorial/,true,NO,2,YES,PASS,
https://familyboard.win/tools/household-time-window-overlap-checker/,true,NO,2,YES,PASS,
https://familyboard.win/zh-tw/tools/household-time-window-overlap-checker/,true,NO,2,YES,PASS,
https://familyboard.win/guides/familyboard-time-window-overlap-checker-tutorial/,true,NO,2,YES,PASS,
https://familyboard.win/zh-tw/guides/familyboard-time-window-overlap-checker-tutorial/,true,NO,2,YES,PASS,
https://familyboard.win/tools/household-date-offset-planner/,true,NO,2,YES,PASS,
https://familyboard.win/zh-tw/tools/household-date-offset-planner/,true,NO,2,YES,PASS,
https://familyboard.win/guides/familyboard-date-offset-planner-tutorial/,true,NO,2,YES,PASS,
https://familyboard.win/zh-tw/guides/familyboard-date-offset-planner-tutorial/,true,NO,2,YES,PASS,
https://familyboard.win/tools/household-task-load-calculator/,true,NO,1,YES,PASS,
https://familyboard.win/zh-tw/tools/household-task-load-calculator/,true,NO,2,YES,PASS,
https://familyboard.win/guides/familyboard-task-load-calculator-tutorial/,true,NO,1,YES,PASS,
https://familyboard.win/zh-tw/guides/familyboard-task-load-calculator-tutorial/,true,NO,2,YES,PASS,
https://familyboard.win/zh-tw/editorial-policy/,true,NO,2,YES,PASS,
https://familyboard.win/zh-tw/disclaimer/,true,NO,2,YES,PASS,
https://familyboard.win/zh-tw/about/,true,NO,2,YES,PASS,
https://familyboard.win/zh-tw/checklists/printable-home-maintenance-checklist/,true,NO,2,YES,PASS,
https://familyboard.win/zh-tw/templates/printable-home-inventory-template/,true,NO,2,YES,PASS,
https://familyboard.win/zh-tw/templates/printable-household-handoff-sheet/,true,NO,2,YES,PASS,
https://familyboard.win/zh-tw/features/,true,NO,2,YES,PASS,
https://familyboard.win/zh-tw/checklists/printable-monthly-home-checklist/,true,NO,2,YES,PASS,
https://familyboard.win/zh-tw/checklists/printable-seasonal-home-checklist/,true,NO,2,YES,PASS,
https://familyboard.win/zh-tw/templates/printable-appliance-inventory/,true,NO,2,YES,PASS,
https://familyboard.win/zh-tw/templates/printable-warranty-tracker/,true,NO,2,YES,PASS,
https://familyboard.win/zh-tw/templates/printable-repair-log/,true,NO,2,YES,PASS,
https://familyboard.win/zh-tw/guides/,true,NO,2,YES,PASS,
https://familyboard.win/zh-tw/tools/,true,NO,2,YES,PASS,
https://familyboard.win/zh-tw/checklists/,true,NO,2,YES,PASS,
https://familyboard.win/zh-tw/checklists/printable-emergency-binder-checklist/,true,NO,2,YES,PASS,
https://familyboard.win/zh-tw/checklists/printable-moving-checklist/,true,NO,2,YES,PASS,
https://familyboard.win/zh-tw/checklists/printable-pet-sitter-checklist/,true,NO,2,YES,PASS,
https://familyboard.win/zh-tw/templates/,true,NO,2,YES,PASS,
https://familyboard.win/zh-tw/templates/printable-service-provider-list/,true,NO,2,YES,PASS,
https://familyboard.win/zh-tw/templates/printable-emergency-contacts/,true,NO,2,YES,PASS,
https://familyboard.win/zh-tw/templates/printable-household-contacts/,true,NO,2,YES,PASS,
https://familyboard.win/zh-tw/templates/printable-cleaning-schedule/,true,NO,2,YES,PASS,
https://familyboard.win/zh-tw/templates/printable-chore-chart/,true,NO,2,YES,PASS,
https://familyboard.win/zh-tw/checklists/printable-house-sitter-checklist/,true,NO,2,YES,PASS,
https://familyboard.win/zh-tw/templates/printable-subscription-tracker/,true,NO,2,YES,PASS,
https://familyboard.win/zh-tw/templates/printable-annual-renewals/,true,NO,2,YES,PASS,
https://familyboard.win/guides/familyboard-appliance-age-calculator-tutorial/,true,NO,2,YES,PASS,
https://familyboard.win/guides/familyboard-appliance-replacement-planner-tutorial/,true,NO,2,YES,PASS,
https://familyboard.win/guides/familyboard-cleaning-schedule-generator-tutorial/,true,NO,2,YES,PASS,
https://familyboard.win/guides/familyboard-utility-bill-anomaly-log-tutorial/,true,NO,2,YES,PASS,
https://familyboard.win/guides/familyboard-maintenance-delegation-map-tutorial/,true,NO,2,YES,PASS,
https://familyboard.win/guides/familyboard-record-retention-decision-log-tutorial/,true,NO,2,YES,PASS,
https://familyboard.win/guides/familyboard-home-repair-closeout-checklist-tutorial/,true,NO,2,YES,PASS,
https://familyboard.win/guides/familyboard-pet-record-source-handoff-tutorial/,true,NO,2,YES,PASS,
https://familyboard.win/guides/familyboard-home-accessibility-walkthrough-log-tutorial/,true,NO,2,YES,PASS,
https://familyboard.win/guides/familyboard-household-annual-review-generator-tutorial/,true,NO,1,YES,PASS,
https://familyboard.win/guides/familyboard-household-document-index-generator-tutorial/,true,NO,1,YES,PASS,
https://familyboard.win/guides/familyboard-emergency-binder-generator-tutorial/,true,NO,1,YES,PASS,
https://familyboard.win/guides/familyboard-home-maintenance-cost-tracker-tutorial/,true,NO,1,YES,PASS,
https://familyboard.win/guides/familyboard-home-service-reminder-generator-tutorial/,true,NO,1,YES,PASS,
https://familyboard.win/guides/familyboard-recurring-chore-planner-tutorial/,true,NO,1,YES,PASS,
https://familyboard.win/guides/familyboard-home-inventory-checklist-generator-tutorial/,true,NO,1,YES,PASS,
https://familyboard.win/guides/familyboard-room-inventory-generator-tutorial/,true,NO,1,YES,PASS,
https://familyboard.win/guides/familyboard-warranty-checklist-generator-tutorial/,true,NO,1,YES,PASS,
https://familyboard.win/guides/familyboard-home-care-service-plan-change-notice-tutorial/,true,NO,1,YES,PASS,
https://familyboard.win/guides/familyboard-home-care-service-interruption-backup-continuity-tutorial/,true,NO,1,YES,PASS,
https://familyboard.win/guides/familyboard-home-care-complaint-response-resolution-tutorial/,true,NO,1,YES,PASS,
https://familyboard.win/guides/familyboard-home-care-billing-discrepancy-tutorial/,true,NO,1,YES,PASS,
https://familyboard.win/guides/familyboard-home-care-payment-refund-collection-notice-tutorial/,true,NO,1,YES,PASS,
https://familyboard.win/guides/familyboard-rental-security-deposit-move-out-tutorial/,true,NO,1,YES,PASS,
https://familyboard.win/guides/familyboard-calendar-tutorial/,true,NO,1,YES,PASS,
https://familyboard.win/guides/familyboard-warranty-tracker-tutorial/,true,NO,1,YES,PASS,
https://familyboard.win/guides/familyboard-maintenance-tracker-tutorial/,true,NO,1,YES,PASS,
https://familyboard.win/guides/familyboard-emergency-supply-inventory-audit-tutorial/,true,NO,1,YES,PASS,
https://familyboard.win/guides/familyboard-home-service-provider-verification-tutorial/,true,NO,1,YES,PASS,
https://familyboard.win/guides/familyboard-home-repair-change-order-tutorial/,true,NO,1,YES,PASS,
https://familyboard.win/guides/familyboard-emergency-contact-sheet-generator-tutorial/,true,NO,1,YES,PASS,
https://familyboard.win/guides/familyboard-home-emergency-drill-record-tutorial/,true,NO,1,YES,PASS,
https://familyboard.win/guides/familyboard-storm-readiness-review-tutorial/,true,NO,1,YES,PASS,
https://familyboard.win/guides/familyboard-appliance-manual-source-check-tutorial/,true,NO,1,YES,PASS,
https://familyboard.win/guides/familyboard-appliance-service-visit-tutorial/,true,NO,1,YES,PASS,
https://familyboard.win/guides/familyboard-appliance-repair-callback-tutorial/,true,NO,1,YES,PASS,
https://familyboard.win/guides/familyboard-appliance-purchase-installation-tutorial/,true,NO,1,YES,PASS,
https://familyboard.win/guides/familyboard-home-handoff-summary-generator-tutorial/,true,NO,1,YES,PASS,
https://familyboard.win/guides/familyboard-house-sitter-instruction-generator-tutorial/,true,NO,1,YES,PASS,
https://familyboard.win/guides/familyboard-annual-subscription-cost-calculator-tutorial/,true,NO,1,YES,PASS,
https://familyboard.win/guides/familyboard-storage-unit-access-inventory-log-tutorial/,true,NO,1,YES,PASS,
https://familyboard.win/guides/familyboard-moving-box-handover-log-tutorial/,true,NO,1,YES,PASS,
https://familyboard.win/guides/familyboard-medical-information-source-handoff-tutorial/,true,NO,1,YES,PASS,
https://familyboard.win/guides/familyboard-caregiver-handoff-source-authorization-tutorial/,true,NO,1,YES,PASS,
https://familyboard.win/guides/familyboard-insurance-policy-source-version-tutorial/,true,NO,1,YES,PASS,
https://familyboard.win/guides/familyboard-school-record-source-handoff-tutorial/,true,NO,1,YES,PASS,
https://familyboard.win/guides/familyboard-mail-package-handoff-log-tutorial/,true,NO,2,YES,PASS,
https://familyboard.win/guides/familyboard-plant-care-handoff-log-tutorial/,true,NO,2,YES,PASS,
https://familyboard.win/guides/familyboard-household-meeting-agenda-action-log-tutorial/,true,NO,1,YES,PASS,
https://familyboard.win/guides/familyboard-pantry-expiry-review-log-tutorial/,true,NO,1,YES,PASS,
https://familyboard.win/guides/familyboard-trip-packing-handoff-log-tutorial/,true,NO,1,YES,PASS,
https://familyboard.win/guides/familyboard-move-in-checklist-generator-tutorial/,true,NO,1,YES,PASS,
https://familyboard.win/guides/familyboard-move-out-condition-report-generator-tutorial/,true,NO,1,YES,PASS,
https://familyboard.win/guides/familyboard-vacation-shutdown-checklist-generator-tutorial/,true,NO,1,YES,PASS,
https://familyboard.win/guides/familyboard-important-household-document-review-tutorial/,true,NO,1,YES,PASS,
https://familyboard.win/guides/familyboard-appliance-maintenance-checklist-generator-tutorial/,true,NO,1,YES,PASS,
https://familyboard.win/guides/familyboard-receipt-retention-organizer-tutorial/,true,NO,1,YES,PASS,
https://familyboard.win/guides/familyboard-household-backup-recovery-checker-tutorial/,true,NO,1,YES,PASS,
https://familyboard.win/guides/familyboard-household-time-window-overlap-checker-tutorial/,true,NO,1,YES,PASS,
https://familyboard.win/guides/familyboard-household-shopping-list-planner-tutorial/,true,NO,1,YES,PASS,
https://familyboard.win/guides/familyboard-household-responsibility-coverage-map-tutorial/,true,NO,1,YES,PASS,
https://familyboard.win/guides/familyboard-replacement-part-source-check-log-tutorial/,true,NO,1,YES,PASS,
https://familyboard.win/guides/familyboard-purchase-delivery-evidence-tutorial/,true,NO,1,YES,PASS,
https://familyboard.win/guides/familyboard-warranty-claim-evidence-log-tutorial/,true,NO,1,YES,PASS,
https://familyboard.win/guides/familyboard-pet-sitter-instruction-generator-tutorial/,true,NO,1,YES,PASS,
https://familyboard.win/guides/familyboard-home-repair-cost-log-tutorial/,true,NO,1,YES,PASS,
https://familyboard.win/guides/familyboard-home-care-visit-scope-service-result-tutorial/,true,NO,1,YES,PASS,
https://familyboard.win/guides/familyboard-shared-device-privacy-review-tutorial/,true,NO,1,YES,PASS,
https://familyboard.win/guides/familyboard-household-document-redaction-tutorial/,true,NO,1,YES,PASS,
https://familyboard.win/guides/familyboard-rental-home-maintenance-handoff-tutorial/,true,NO,1,YES,PASS,
https://familyboard.win/guides/familyboard-clothing-care-repair-log-tutorial/,true,NO,1,YES,PASS,
https://familyboard.win/guides/familyboard-meal-prep-role-log-tutorial/,true,NO,1,YES,PASS,
https://familyboard.win/guides/familyboard-household-bill-source-status-tutorial/,true,NO,1,YES,PASS,
https://familyboard.win/guides/familyboard-household-export-scope-review-tutorial/,true,NO,1,YES,PASS,
https://familyboard.win/guides/familyboard-printout-download-retention-tutorial/,true,NO,1,YES,PASS,
https://familyboard.win/guides/familyboard-household-role-change-audit-tutorial/,true,NO,1,YES,PASS,
https://familyboard.win/guides/familyboard-guest-service-visit-reset-tutorial/,true,NO,1,YES,PASS,
https://familyboard.win/guides/familyboard-subscription-cancellation-result-review-tutorial/,true,NO,1,YES,PASS,
https://familyboard.win/guides/familyboard-weekly-household-decision-review-tutorial/,true,NO,1,YES,PASS,
https://familyboard.win/guides/familyboard-restore-merge-replace-tutorial/,true,NO,1,YES,PASS,
https://familyboard.win/guides/familyboard-storage-health-warning-tutorial/,true,NO,1,YES,PASS,
https://familyboard.win/guides/familyboard-attachment-metadata-tutorial/,true,NO,1,YES,PASS,
https://familyboard.win/guides/familyboard-encrypted-backup-password-tutorial/,true,NO,1,YES,PASS,
https://familyboard.win/guides/familyboard-master-csv-edit-import-tutorial/,true,NO,1,YES,PASS,
https://familyboard.win/guides/familyboard-app-first-run-restore-tutorial/,true,NO,1,YES,PASS,
https://familyboard.win/guides/familyboard-pwa-update-tutorial/,true,NO,1,YES,PASS,
https://familyboard.win/guides/familyboard-shared-display-privacy-tutorial/,true,NO,1,YES,PASS,
https://familyboard.win/guides/familyboard-reset-local-household-tutorial/,true,NO,1,YES,PASS,
https://familyboard.win/guides/familyboard-storage-open-error-tutorial/,true,NO,1,YES,PASS,
https://familyboard.win/guides/familyboard-task-completion-tutorial/,true,NO,1,YES,PASS,
https://familyboard.win/guides/familyboard-member-archive-tutorial/,true,NO,1,YES,PASS,
https://familyboard.win/guides/familyboard-maintenance-event-cost-tutorial/,true,NO,1,YES,PASS,
https://familyboard.win/guides/familyboard-calendar-timezone-tutorial/,true,NO,1,YES,PASS,
https://familyboard.win/guides/familyboard-contact-sensitivity-tutorial/,true,NO,1,YES,PASS,
https://familyboard.win/guides/familyboard-move-out-condition-tutorial/,true,NO,1,YES,PASS,
https://familyboard.win/guides/familyboard-emergency-drill-tutorial/,true,NO,1,YES,PASS,
https://familyboard.win/guides/familyboard-product-recall-action-log-tutorial/,true,NO,1,YES,PASS,
https://familyboard.win/guides/familyboard-service-provider-verification-tutorial/,true,NO,1,YES,PASS,
https://familyboard.win/guides/familyboard-repair-change-order-tutorial/,true,NO,1,YES,PASS,
https://familyboard.win/guides/familyboard-repair-punch-list-review-tutorial/,true,NO,1,YES,PASS,
https://familyboard.win/guides/familyboard-record-retrieval-practice-tutorial/,true,NO,1,YES,PASS,
https://familyboard.win/guides/familyboard-record-retention-decision-tutorial/,true,NO,1,YES,PASS,
https://familyboard.win/guides/familyboard-appliance-manual-source-tutorial/,true,NO,1,YES,PASS,
https://familyboard.win/guides/familyboard-handoff-acceptance-tutorial/,true,NO,1,YES,PASS,
https://familyboard.win/guides/familyboard-backup-restore-rehearsal-tutorial/,true,NO,1,YES,PASS,
https://familyboard.win/guides/familyboard-household-decision-log-tutorial/,true,NO,1,YES,PASS,
https://familyboard.win/guides/familyboard-household-admin-escalation-tutorial/,true,NO,1,YES,PASS,
https://familyboard.win/guides/familyboard-purchase-comparison-tutorial/,true,NO,1,YES,PASS,
https://familyboard.win/guides/familyboard-privacy-review-handoff-tutorial/,true,NO,1,YES,PASS,
https://familyboard.win/guides/familyboard-vendor-onboarding-tutorial/,true,NO,1,YES,PASS,
https://familyboard.win/guides/familyboard-home-closure-reopening-tutorial/,true,NO,1,YES,PASS,
https://familyboard.win/guides/familyboard-data-export-redaction-tutorial/,true,NO,1,YES,PASS,
https://familyboard.win/guides/familyboard-household-availability-window-tutorial/,true,NO,1,YES,PASS,
https://familyboard.win/guides/familyboard-document-source-handoff-tutorial/,true,NO,1,YES,PASS,
https://familyboard.win/guides/familyboard-maintenance-evidence-confidence-tutorial/,true,NO,1,YES,PASS,
https://familyboard.win/guides/familyboard-household-notification-routing-tutorial/,true,NO,1,YES,PASS,
https://familyboard.win/guides/familyboard-attachment-expiry-review-tutorial/,true,NO,1,YES,PASS,
https://familyboard.win/guides/familyboard-household-quiet-hours-tutorial/,true,NO,1,YES,PASS,
https://familyboard.win/guides/familyboard-household-task-dependency-map-tutorial/,true,NO,1,YES,PASS,
https://familyboard.win/guides/familyboard-receipt-source-verification-tutorial/,true,NO,1,YES,PASS,
https://familyboard.win/guides/familyboard-household-language-preference-handoff-tutorial/,true,NO,1,YES,PASS,
https://familyboard.win/pricing/,true,NO,1,YES,PASS,
https://familyboard.win/privacy/,true,NO,1,YES,PASS,
https://familyboard.win/security/,true,NO,1,YES,PASS,
https://familyboard.win/about/,true,NO,1,YES,PASS,
https://familyboard.win/contact/,true,NO,1,YES,PASS,
https://familyboard.win/roadmap/,true,NO,1,YES,PASS,
https://familyboard.win/changelog/,true,NO,1,YES,PASS,
https://familyboard.win/guides/,true,YES,1,YES,PASS,
https://familyboard.win/tools/,true,YES,1,YES,PASS,
https://familyboard.win/checklists/,true,YES,1,YES,PASS,
https://familyboard.win/templates/,true,YES,1,YES,PASS,
https://familyboard.win/editorial-policy/,true,NO,1,YES,PASS,
https://familyboard.win/affiliate-disclosure/,true,NO,1,YES,PASS,
https://familyboard.win/terms/,true,NO,1,YES,PASS,
https://familyboard.win/disclaimer/,true,NO,1,YES,PASS,
https://familyboard.win/guides/dehumidifier-maintenance-records/,true,NO,2,YES,PASS,
https://familyboard.win/zh-tw/affiliate-disclosure/,true,NO,2,YES,PASS,
https://familyboard.win/zh-tw/guides/air-conditioner-maintenance-checklist/,true,NO,2,YES,PASS,
https://familyboard.win/zh-tw/guides/air-purifier-filter-log/,true,NO,2,YES,PASS,
https://familyboard.win/zh-tw/guides/air-purifier-maintenance-guide/,true,NO,2,YES,PASS,
https://familyboard.win/zh-tw/guides/annual-home-review/,true,NO,2,YES,PASS,
https://familyboard.win/zh-tw/guides/annual-renewal-calendar/,true,NO,2,YES,PASS,
https://familyboard.win/zh-tw/tools/annual-subscription-cost-calculator/,true,NO,2,YES,PASS,
https://familyboard.win/zh-tw/guides/apartment-maintenance-checklist/,true,NO,2,YES,PASS,
https://familyboard.win/zh-tw/guides/familyboard-appliance-age-calculator-tutorial/,true,NO,2,YES,PASS,
https://familyboard.win/zh-tw/tools/appliance-age-calculator/,true,NO,2,YES,PASS,
https://familyboard.win/zh-tw/guides/appliance-inventory/,true,NO,2,YES,PASS,
https://familyboard.win/zh-tw/guides/appliance-lifespan-planning/,true,NO,2,YES,PASS,
https://familyboard.win/zh-tw/tools/appliance-maintenance-checklist-generator/,true,NO,2,YES,PASS,
https://familyboard.win/zh-tw/tools/appliance-manual-source-check-log/,true,NO,2,YES,PASS,
https://familyboard.win/zh-tw/tools/appliance-purchase-installation-record/,true,NO,2,YES,PASS,
https://familyboard.win/zh-tw/tools/appliance-repair-callback-log/,true,NO,2,YES,PASS,
https://familyboard.win/zh-tw/guides/familyboard-appliance-replacement-planner-tutorial/,true,NO,2,YES,PASS,
https://familyboard.win/zh-tw/tools/appliance-replacement-planner/,true,NO,2,YES,PASS,
https://familyboard.win/zh-tw/guides/appliance-replacement-planning/,true,NO,2,YES,PASS,
https://familyboard.win/zh-tw/tools/appliance-service-visit-log/,true,NO,2,YES,PASS,
https://familyboard.win/zh-tw/guides/automatic-renewal-charge-dispute-taiwan/,true,NO,2,YES,PASS,
https://familyboard.win/zh-tw/guides/bathroom-exhaust-fan-maintenance-checklist/,true,NO,2,YES,PASS,
https://familyboard.win/zh-tw/guides/carbon-monoxide-alarm-records/,true,NO,2,YES,PASS,
https://familyboard.win/zh-tw/guides/caregiver-handoff-checklist/,true,NO,2,YES,PASS,
https://familyboard.win/zh-tw/tools/caregiver-handoff-source-authorization-log/,true,NO,2,YES,PASS,
https://familyboard.win/zh-tw/guides/ceiling-fan-maintenance-checklist/,true,NO,2,YES,PASS,
https://familyboard.win/zh-tw/changelog/,true,NO,2,YES,PASS,
https://familyboard.win/zh-tw/guides/chore-chart-for-adults/,true,NO,2,YES,PASS,
https://familyboard.win/zh-tw/guides/familyboard-cleaning-schedule-generator-tutorial/,true,NO,2,YES,PASS,
https://familyboard.win/zh-tw/tools/cleaning-schedule-generator/,true,NO,2,YES,PASS,
https://familyboard.win/zh-tw/guides/cleaning-schedule/,true,NO,2,YES,PASS,
https://familyboard.win/zh-tw/guides/coffee-maker-maintenance-guide/,true,NO,2,YES,PASS,
https://familyboard.win/zh-tw/guides/computer-electronics-inventory/,true,NO,2,YES,PASS,
https://familyboard.win/zh-tw/guides/condo-maintenance-checklist/,true,NO,2,YES,PASS,
https://familyboard.win/zh-tw/contact/,true,NO,2,YES,PASS,
https://familyboard.win/zh-tw/guides/contractor-records/,true,NO,2,YES,PASS,
https://familyboard.win/zh-tw/guides/deep-cleaning-tracker/,true,NO,2,YES,PASS,
https://familyboard.win/zh-tw/guides/dehumidifier-maintenance-guide/,true,NO,2,YES,PASS,
https://familyboard.win/zh-tw/guides/dehumidifier-maintenance-records/,true,NO,2,YES,PASS,
https://familyboard.win/zh-tw/guides/digital-home-binder/,true,NO,2,YES,PASS,
https://familyboard.win/zh-tw/guides/digital-home-inventory-backup/,true,NO,2,YES,PASS,
https://familyboard.win/zh-tw/guides/dishwasher-maintenance-checklist/,true,NO,2,YES,PASS,
https://familyboard.win/zh-tw/guides/divide-household-responsibilities/,true,NO,2,YES,PASS,
https://familyboard.win/zh-tw/guides/dryer-maintenance-checklist/,true,NO,2,YES,PASS,
https://familyboard.win/zh-tw/guides/electronics-inventory/,true,NO,2,YES,PASS,
https://familyboard.win/zh-tw/tools/emergency-binder-generator/,true,NO,2,YES,PASS,
https://familyboard.win/zh-tw/guides/emergency-binder/,true,NO,2,YES,PASS,
https://familyboard.win/zh-tw/tools/emergency-contact-sheet-generator/,true,NO,2,YES,PASS,
https://familyboard.win/zh-tw/tools/emergency-contact-verification-log/,true,NO,2,YES,PASS,
https://familyboard.win/zh-tw/features/emergency-information-organizer/,true,NO,2,YES,PASS,
https://familyboard.win/zh-tw/guides/emergency-information-sheet/,true,NO,2,YES,PASS,
https://familyboard.win/zh-tw/tools/emergency-supply-inventory-audit/,true,NO,2,YES,PASS,
https://familyboard.win/zh-tw/guides/emergency-supply-inventory/,true,NO,2,YES,PASS,
https://familyboard.win/zh-tw/guides/fall-home-maintenance-checklist/,true,NO,2,YES,PASS,
https://familyboard.win/zh-tw/guides/family-chore-system/,true,NO,2,YES,PASS,
https://familyboard.win/zh-tw/guides/family-continuity-plan/,true,NO,2,YES,PASS,
https://familyboard.win/zh-tw/features/family-display-mode/,true,NO,2,YES,PASS,
https://familyboard.win/zh-tw/guides/family-emergency-contacts/,true,NO,2,YES,PASS,
https://familyboard.win/zh-tw/features/family-task-manager/,true,NO,2,YES,PASS,
https://familyboard.win/zh-tw/guides/familyboard-accessibility-walkthrough-tutorial/,true,NO,2,YES,PASS,
https://familyboard.win/zh-tw/guides/familyboard-annual-subscription-cost-calculator-tutorial/,true,NO,2,YES,PASS,
https://familyboard.win/zh-tw/guides/familyboard-app-first-run-restore-tutorial/,true,NO,2,YES,PASS,
https://familyboard.win/zh-tw/features/free-home-management-app/,true,NO,2,YES,PASS,
https://familyboard.win/zh-tw/guides/familyboard-appliance-maintenance-checklist-generator-tutorial/,true,NO,2,YES,PASS,
https://familyboard.win/zh-tw/guides/familyboard-appliance-manual-source-check-tutorial/,true,NO,2,YES,PASS,
https://familyboard.win/zh-tw/guides/familyboard-appliance-manual-source-tutorial/,true,NO,2,YES,PASS,
https://familyboard.win/zh-tw/guides/familyboard-appliance-purchase-installation-tutorial/,true,NO,2,YES,PASS,
https://familyboard.win/zh-tw/guides/familyboard-appliance-repair-callback-tutorial/,true,NO,2,YES,PASS,
https://familyboard.win/zh-tw/guides/familyboard-appliance-service-visit-tutorial/,true,NO,2,YES,PASS,
https://familyboard.win/zh-tw/guides/familyboard-attachment-expiry-review-tutorial/,true,NO,2,YES,PASS,
https://familyboard.win/zh-tw/guides/familyboard-attachment-metadata-tutorial/,true,NO,2,YES,PASS,
https://familyboard.win/zh-tw/guides/familyboard-backup-recovery-checker-tutorial/,true,NO,2,YES,PASS,
https://familyboard.win/zh-tw/guides/familyboard-backup-restore-rehearsal-tutorial/,true,NO,2,YES,PASS,
https://familyboard.win/zh-tw/guides/familyboard-bill-review-tutorial/,true,NO,2,YES,PASS,
https://familyboard.win/zh-tw/guides/familyboard-building-notice-response-tutorial/,true,NO,2,YES,PASS,
https://familyboard.win/zh-tw/guides/familyboard-calendar-timezone-tutorial/,true,NO,2,YES,PASS,
https://familyboard.win/zh-tw/guides/familyboard-calendar-tutorial/,true,NO,2,YES,PASS,
https://familyboard.win/zh-tw/guides/familyboard-caregiver-handoff-source-authorization-tutorial/,true,NO,2,YES,PASS,
https://familyboard.win/zh-tw/guides/familyboard-clothing-care-repair-log-tutorial/,true,NO,2,YES,PASS,
https://familyboard.win/zh-tw/guides/familyboard-clothing-care-tutorial/,true,NO,2,YES,PASS,
https://familyboard.win/zh-tw/guides/familyboard-consumable-change-history-tutorial/,true,NO,2,YES,PASS,
https://familyboard.win/zh-tw/guides/familyboard-contact-sensitivity-tutorial/,true,NO,2,YES,PASS,
https://familyboard.win/zh-tw/guides/familyboard-data-export-redaction-tutorial/,true,NO,2,YES,PASS,
https://familyboard.win/zh-tw/guides/familyboard-document-renewal-tutorial/,true,NO,2,YES,PASS,
https://familyboard.win/zh-tw/guides/familyboard-document-source-handoff-tutorial/,true,NO,2,YES,PASS,
https://familyboard.win/zh-tw/guides/familyboard-documents-source-review-tutorial/,true,NO,2,YES,PASS,
https://familyboard.win/zh-tw/guides/familyboard-donation-handoff-tutorial/,true,NO,2,YES,PASS,
https://familyboard.win/zh-tw/guides/familyboard-emergency-binder-generator-tutorial/,true,NO,2,YES,PASS,
https://familyboard.win/zh-tw/guides/familyboard-emergency-contact-sheet-generator-tutorial/,true,NO,2,YES,PASS,
https://familyboard.win/zh-tw/guides/familyboard-emergency-contact-verification-tutorial/,true,NO,2,YES,PASS,
https://familyboard.win/zh-tw/guides/familyboard-emergency-drill-tutorial/,true,NO,2,YES,PASS,
https://familyboard.win/zh-tw/guides/familyboard-emergency-information-privacy-tutorial/,true,NO,2,YES,PASS,
https://familyboard.win/zh-tw/guides/familyboard-emergency-supply-inventory-audit-tutorial/,true,NO,2,YES,PASS,
https://familyboard.win/zh-tw/guides/familyboard-encrypted-backup-password-tutorial/,true,NO,2,YES,PASS,
https://familyboard.win/zh-tw/guides/familyboard-event-duration-calculator-tutorial/,true,NO,2,YES,PASS,
https://familyboard.win/zh-tw/guides/familyboard-event-source-index-tutorial/,true,NO,2,YES,PASS,
https://familyboard.win/zh-tw/guides/familyboard-free-home-management-app-tutorial/,true,NO,2,YES,PASS,
https://familyboard.win/zh-tw/guides/familyboard-guest-arrival-prep-tutorial/,true,NO,2,YES,PASS,
https://familyboard.win/zh-tw/guides/familyboard-guest-service-visit-reset-tutorial/,true,NO,2,YES,PASS,
https://familyboard.win/zh-tw/guides/familyboard-handoff-acceptance-tutorial/,true,NO,2,YES,PASS,
https://familyboard.win/zh-tw/guides/familyboard-home-accessibility-walkthrough-log-tutorial/,true,NO,2,YES,PASS,
https://familyboard.win/zh-tw/guides/familyboard-home-care-billing-discrepancy-tutorial/,true,NO,2,YES,PASS,
https://familyboard.win/zh-tw/guides/familyboard-home-care-complaint-response-resolution-tutorial/,true,NO,2,YES,PASS,
https://familyboard.win/zh-tw/guides/familyboard-home-care-payment-refund-collection-notice-tutorial/,true,NO,2,YES,PASS,
https://familyboard.win/zh-tw/guides/familyboard-home-care-service-interruption-backup-continuity-tutorial/,true,NO,2,YES,PASS,
https://familyboard.win/zh-tw/guides/familyboard-home-care-service-plan-change-notice-tutorial/,true,NO,2,YES,PASS,
https://familyboard.win/zh-tw/guides/familyboard-home-care-visit-scope-service-result-tutorial/,true,NO,2,YES,PASS,
https://familyboard.win/zh-tw/guides/familyboard-home-closure-reopening-tutorial/,true,NO,2,YES,PASS,
https://familyboard.win/zh-tw/guides/familyboard-home-dashboard-weekly-review-tutorial/,true,NO,2,YES,PASS,
https://familyboard.win/zh-tw/guides/familyboard-home-emergency-drill-record-tutorial/,true,NO,2,YES,PASS,
https://familyboard.win/zh-tw/guides/familyboard-home-handoff-summary-generator-tutorial/,true,NO,2,YES,PASS,
https://familyboard.win/zh-tw/guides/familyboard-home-inventory-checklist-generator-tutorial/,true,NO,2,YES,PASS,
https://familyboard.win/zh-tw/guides/familyboard-home-maintenance-cost-tracker-tutorial/,true,NO,2,YES,PASS,
https://familyboard.win/zh-tw/guides/familyboard-home-maintenance-schedule-generator-tutorial/,true,NO,2,YES,PASS,
https://familyboard.win/zh-tw/guides/familyboard-home-repair-change-order-tutorial/,true,NO,2,YES,PASS,
https://familyboard.win/zh-tw/guides/familyboard-home-repair-closeout-checklist-tutorial/,true,NO,2,YES,PASS,
https://familyboard.win/zh-tw/guides/familyboard-home-repair-cost-log-tutorial/,true,NO,2,YES,PASS,
https://familyboard.win/zh-tw/guides/familyboard-home-service-provider-verification-tutorial/,true,NO,2,YES,PASS,
https://familyboard.win/zh-tw/guides/familyboard-home-service-reminder-generator-tutorial/,true,NO,2,YES,PASS,
https://familyboard.win/zh-tw/guides/familyboard-house-sitter-instruction-generator-tutorial/,true,NO,2,YES,PASS,
https://familyboard.win/zh-tw/guides/familyboard-household-account-list-tutorial/,true,NO,2,YES,PASS,
https://familyboard.win/zh-tw/guides/familyboard-household-admin-backup-tutorial/,true,NO,2,YES,PASS,
https://familyboard.win/zh-tw/guides/familyboard-household-admin-escalation-tutorial/,true,NO,2,YES,PASS,
https://familyboard.win/zh-tw/guides/familyboard-household-annual-review-generator-tutorial/,true,NO,2,YES,PASS,
https://familyboard.win/zh-tw/guides/familyboard-household-availability-window-tutorial/,true,NO,2,YES,PASS,
https://familyboard.win/zh-tw/guides/familyboard-household-backup-recovery-checker-tutorial/,true,NO,2,YES,PASS,
https://familyboard.win/zh-tw/guides/familyboard-household-bill-source-status-tutorial/,true,NO,2,YES,PASS,
https://familyboard.win/zh-tw/guides/familyboard-household-decision-log-tutorial/,true,NO,2,YES,PASS,
https://familyboard.win/zh-tw/guides/familyboard-household-decision-register-tutorial/,true,NO,2,YES,PASS,
https://familyboard.win/zh-tw/guides/familyboard-household-document-index-generator-tutorial/,true,NO,2,YES,PASS,
https://familyboard.win/zh-tw/guides/familyboard-household-document-redaction-tutorial/,true,NO,2,YES,PASS,
https://familyboard.win/zh-tw/guides/familyboard-household-export-scope-review-tutorial/,true,NO,2,YES,PASS,
https://familyboard.win/zh-tw/guides/familyboard-household-handoff-tutorial/,true,NO,2,YES,PASS,
https://familyboard.win/zh-tw/guides/familyboard-household-language-preference-handoff-tutorial/,true,NO,2,YES,PASS,
https://familyboard.win/zh-tw/guides/familyboard-household-meeting-agenda-action-log-tutorial/,true,NO,2,YES,PASS,
https://familyboard.win/zh-tw/guides/familyboard-household-meeting-tutorial/,true,NO,2,YES,PASS,
https://familyboard.win/zh-tw/guides/familyboard-household-members-responsibilities-tutorial/,true,NO,2,YES,PASS,
https://familyboard.win/zh-tw/guides/familyboard-household-notification-routing-tutorial/,true,NO,2,YES,PASS,
https://familyboard.win/zh-tw/guides/familyboard-household-quiet-hours-tutorial/,true,NO,2,YES,PASS,
https://familyboard.win/zh-tw/guides/familyboard-household-responsibility-coverage-map-tutorial/,true,NO,2,YES,PASS,
https://familyboard.win/zh-tw/guides/familyboard-household-responsibility-coverage-tutorial/,true,NO,2,YES,PASS,
https://familyboard.win/zh-tw/guides/familyboard-household-return-handoff-tutorial/,true,NO,2,YES,PASS,
https://familyboard.win/zh-tw/guides/familyboard-household-role-change-audit-tutorial/,true,NO,2,YES,PASS,
https://familyboard.win/zh-tw/guides/familyboard-household-shopping-list-planner-tutorial/,true,NO,2,YES,PASS,
https://familyboard.win/zh-tw/guides/familyboard-household-subscription-cost-calculator-tutorial/,true,NO,2,YES,PASS,
https://familyboard.win/zh-tw/guides/familyboard-household-task-dependency-map-tutorial/,true,NO,2,YES,PASS,
https://familyboard.win/zh-tw/guides/familyboard-household-time-window-overlap-checker-tutorial/,true,NO,2,YES,PASS,
https://familyboard.win/zh-tw/guides/familyboard-weekly-household-decision-review-tutorial/,true,NO,2,YES,PASS,
https://familyboard.win/zh-tw/guides/familyboard-important-household-document-review-tutorial/,true,NO,2,YES,PASS,
https://familyboard.win/zh-tw/guides/familyboard-insurance-claim-timeline-tutorial/,true,NO,2,YES,PASS,
https://familyboard.win/zh-tw/guides/familyboard-insurance-policy-source-version-tutorial/,true,NO,2,YES,PASS,
https://familyboard.win/zh-tw/guides/familyboard-internet-incident-tutorial/,true,NO,2,YES,PASS,
https://familyboard.win/zh-tw/guides/familyboard-mail-package-handoff-log-tutorial/,true,NO,2,YES,PASS,
https://familyboard.win/zh-tw/guides/familyboard-mail-package-handoff-tutorial/,true,NO,2,YES,PASS,
https://familyboard.win/zh-tw/guides/familyboard-maintenance-delegation-map-tutorial/,true,NO,2,YES,PASS,
https://familyboard.win/zh-tw/guides/familyboard-maintenance-event-cost-tutorial/,true,NO,2,YES,PASS,
https://familyboard.win/zh-tw/guides/familyboard-maintenance-evidence-confidence-tutorial/,true,NO,2,YES,PASS,
https://familyboard.win/zh-tw/guides/familyboard-maintenance-history-review/,true,NO,2,YES,PASS,
https://familyboard.win/zh-tw/guides/familyboard-maintenance-tracker-tutorial/,true,NO,2,YES,PASS,
https://familyboard.win/zh-tw/guides/familyboard-master-csv-edit-import-tutorial/,true,NO,2,YES,PASS,
https://familyboard.win/zh-tw/guides/familyboard-master-csv-edit-import/,true,NO,2,YES,PASS,
https://familyboard.win/zh-tw/guides/familyboard-meal-prep-role-log-tutorial/,true,NO,2,YES,PASS,
https://familyboard.win/zh-tw/guides/familyboard-meal-prep-tutorial/,true,NO,2,YES,PASS,
https://familyboard.win/zh-tw/guides/familyboard-medical-information-source-handoff-tutorial/,true,NO,2,YES,PASS,
https://familyboard.win/zh-tw/guides/familyboard-member-archive-tutorial/,true,NO,2,YES,PASS,
https://familyboard.win/zh-tw/guides/familyboard-meter-reading-tutorial/,true,NO,2,YES,PASS,
https://familyboard.win/zh-tw/guides/familyboard-monthly-review-action-tutorial/,true,NO,2,YES,PASS,
https://familyboard.win/zh-tw/guides/familyboard-move-in-checklist-generator-tutorial/,true,NO,2,YES,PASS,
https://familyboard.win/zh-tw/guides/familyboard-move-out-condition-report-generator-tutorial/,true,NO,2,YES,PASS,
https://familyboard.win/zh-tw/guides/familyboard-move-out-condition-tutorial/,true,NO,2,YES,PASS,
https://familyboard.win/zh-tw/guides/familyboard-moving-box-handover-log-tutorial/,true,NO,2,YES,PASS,
https://familyboard.win/zh-tw/guides/familyboard-offline-backup-restore/,true,NO,2,YES,PASS,
https://familyboard.win/zh-tw/guides/familyboard-pantry-expiry-review-log-tutorial/,true,NO,2,YES,PASS,
https://familyboard.win/zh-tw/guides/familyboard-pantry-review-tutorial/,true,NO,2,YES,PASS,
https://familyboard.win/zh-tw/guides/familyboard-pet-record-source-handoff-tutorial/,true,NO,2,YES,PASS,
https://familyboard.win/zh-tw/guides/familyboard-pet-sitter-instruction-generator-tutorial/,true,NO,2,YES,PASS,
https://familyboard.win/zh-tw/guides/familyboard-photo-inventory-tutorial/,true,NO,2,YES,PASS,
https://familyboard.win/zh-tw/guides/familyboard-plant-care-handoff-log-tutorial/,true,NO,2,YES,PASS,
https://familyboard.win/zh-tw/guides/familyboard-plant-care-handoff-tutorial/,true,NO,2,YES,PASS,
https://familyboard.win/zh-tw/guides/familyboard-power-outage-event-log-tutorial/,true,NO,2,YES,PASS,
https://familyboard.win/zh-tw/guides/familyboard-printout-download-retention-tutorial/,true,NO,2,YES,PASS,
https://familyboard.win/zh-tw/guides/familyboard-privacy-review-handoff-tutorial/,true,NO,2,YES,PASS,
https://familyboard.win/zh-tw/guides/familyboard-private-family-organizer-tutorial/,true,NO,2,YES,PASS,
https://familyboard.win/zh-tw/guides/familyboard-product-recall-action-log-tutorial/,true,NO,2,YES,PASS,
https://familyboard.win/zh-tw/guides/familyboard-product-recall-action-tutorial/,true,NO,2,YES,PASS,
https://familyboard.win/zh-tw/guides/familyboard-purchase-comparison-tutorial/,true,NO,2,YES,PASS,
https://familyboard.win/zh-tw/guides/familyboard-purchase-delivery-evidence-tutorial/,true,NO,2,YES,PASS,
https://familyboard.win/zh-tw/guides/familyboard-pwa-update-tutorial/,true,NO,2,YES,PASS,
https://familyboard.win/zh-tw/guides/familyboard-receipt-retention-organizer-tutorial/,true,NO,2,YES,PASS,
https://familyboard.win/zh-tw/guides/familyboard-receipt-source-verification-tutorial/,true,NO,2,YES,PASS,
https://familyboard.win/zh-tw/guides/familyboard-record-linking-tutorial/,true,NO,2,YES,PASS,
https://familyboard.win/zh-tw/guides/familyboard-record-retention-decision-log-tutorial/,true,NO,2,YES,PASS,
https://familyboard.win/zh-tw/guides/familyboard-record-retention-decision-tutorial/,true,NO,2,YES,PASS,
https://familyboard.win/zh-tw/guides/familyboard-record-retrieval-drill-tutorial/,true,NO,2,YES,PASS,
https://familyboard.win/zh-tw/guides/familyboard-record-retrieval-practice-tutorial/,true,NO,2,YES,PASS,
https://familyboard.win/zh-tw/guides/familyboard-recurring-chore-planner-tutorial/,true,NO,2,YES,PASS,
https://familyboard.win/zh-tw/guides/familyboard-recycling-handoff-tutorial/,true,NO,2,YES,PASS,
https://familyboard.win/zh-tw/guides/familyboard-rental-home-maintenance-handoff-tutorial/,true,NO,2,YES,PASS,
https://familyboard.win/zh-tw/guides/familyboard-rental-repair-request-tutorial/,true,NO,2,YES,PASS,
https://familyboard.win/zh-tw/guides/familyboard-rental-security-deposit-move-out-tutorial/,true,NO,2,YES,PASS,
https://familyboard.win/zh-tw/guides/familyboard-repair-change-order-tutorial/,true,NO,2,YES,PASS,
https://familyboard.win/zh-tw/guides/familyboard-repair-evidence-timeline-tutorial/,true,NO,2,YES,PASS,
https://familyboard.win/zh-tw/guides/familyboard-repair-punch-list-tutorial/,true,NO,2,YES,PASS,
https://familyboard.win/zh-tw/guides/familyboard-repair-punch-list-review-tutorial/,true,NO,2,YES,PASS,
https://familyboard.win/zh-tw/guides/familyboard-replacement-part-source-check-log-tutorial/,true,NO,2,YES,PASS,
https://familyboard.win/zh-tw/guides/familyboard-replacement-part-source-check-tutorial/,true,NO,2,YES,PASS,
https://familyboard.win/zh-tw/guides/familyboard-reset-local-household-tutorial/,true,NO,2,YES,PASS,
https://familyboard.win/zh-tw/guides/familyboard-restore-merge-replace-tutorial/,true,NO,2,YES,PASS,
https://familyboard.win/zh-tw/guides/familyboard-room-inventory-generator-tutorial/,true,NO,2,YES,PASS,
https://familyboard.win/zh-tw/guides/familyboard-school-activity-handoff-tutorial/,true,NO,2,YES,PASS,
https://familyboard.win/zh-tw/guides/familyboard-school-closure-continuity-tutorial/,true,NO,2,YES,PASS,
https://familyboard.win/zh-tw/guides/familyboard-school-pickup-handoff-tutorial/,true,NO,2,YES,PASS,
https://familyboard.win/zh-tw/guides/familyboard-school-record-source-handoff-tutorial/,true,NO,2,YES,PASS,
https://familyboard.win/zh-tw/guides/familyboard-service-provider-verification-tutorial/,true,NO,2,YES,PASS,
https://familyboard.win/zh-tw/guides/familyboard-share-access-tutorial/,true,NO,2,YES,PASS,
https://familyboard.win/zh-tw/guides/familyboard-shared-device-privacy-review-tutorial/,true,NO,2,YES,PASS,
https://familyboard.win/zh-tw/guides/familyboard-shared-display-privacy-tutorial/,true,NO,2,YES,PASS,
https://familyboard.win/zh-tw/guides/familyboard-storage-health-warning-tutorial/,true,NO,2,YES,PASS,
https://familyboard.win/zh-tw/guides/familyboard-storage-open-error-tutorial/,true,NO,2,YES,PASS,
https://familyboard.win/zh-tw/guides/familyboard-storage-unit-access-inventory-log-tutorial/,true,NO,2,YES,PASS,
https://familyboard.win/zh-tw/guides/familyboard-storm-readiness-review-tutorial/,true,NO,2,YES,PASS,
https://familyboard.win/zh-tw/guides/familyboard-subscription-cancellation-handoff-tutorial/,true,NO,2,YES,PASS,
https://familyboard.win/zh-tw/guides/familyboard-subscription-cancellation-result-review-tutorial/,true,NO,2,YES,PASS,
https://familyboard.win/zh-tw/guides/familyboard-subscription-renewal-review/,true,NO,2,YES,PASS,
https://familyboard.win/zh-tw/guides/familyboard-task-completion-tutorial/,true,NO,2,YES,PASS,
https://familyboard.win/zh-tw/guides/familyboard-trip-handoff-tutorial/,true,NO,2,YES,PASS,
https://familyboard.win/zh-tw/guides/familyboard-trip-packing-handoff-log-tutorial/,true,NO,2,YES,PASS,
https://familyboard.win/zh-tw/guides/familyboard-utility-bill-anomaly-log-tutorial/,true,NO,2,YES,PASS,
https://familyboard.win/zh-tw/guides/familyboard-utility-bill-difference-tutorial/,true,NO,2,YES,PASS,
https://familyboard.win/zh-tw/guides/familyboard-utility-provider-handoff-tutorial/,true,NO,2,YES,PASS,
https://familyboard.win/zh-tw/guides/familyboard-vacation-shutdown-checklist-generator-tutorial/,true,NO,2,YES,PASS,
https://familyboard.win/zh-tw/guides/familyboard-vehicle-document-source-status-tutorial/,true,NO,2,YES,PASS,
https://familyboard.win/zh-tw/guides/familyboard-vendor-onboarding-tutorial/,true,NO,2,YES,PASS,
https://familyboard.win/zh-tw/guides/familyboard-warranty-checklist-generator-tutorial/,true,NO,2,YES,PASS,
https://familyboard.win/zh-tw/guides/familyboard-warranty-claim-evidence-log-tutorial/,true,NO,2,YES,PASS,
https://familyboard.win/zh-tw/guides/familyboard-warranty-expiration-calculator-tutorial/,true,NO,2,YES,PASS,
https://familyboard.win/zh-tw/guides/familyboard-warranty-tracker-tutorial/,true,NO,2,YES,PASS,
https://familyboard.win/zh-tw/guides/familyboard-water-leak-event-log-tutorial/,true,NO,2,YES,PASS,
https://familyboard.win/zh-tw/guides/familyboard-weekly-reset-action-tutorial/,true,NO,2,YES,PASS,
https://familyboard.win/zh-tw/guides/fire-extinguisher-records/,true,NO,2,YES,PASS,
https://familyboard.win/zh-tw/guides/first-time-homeowner-maintenance-guide/,true,NO,2,YES,PASS,
https://familyboard.win/zh-tw/guides/freezer-maintenance-checklist/,true,NO,2,YES,PASS,
https://familyboard.win/zh-tw/guides/furnace-maintenance-records/,true,NO,2,YES,PASS,
https://familyboard.win/zh-tw/guides/furniture-inventory/,true,NO,2,YES,PASS,
https://familyboard.win/zh-tw/guides/garbage-disposal-maintenance-guide/,true,NO,2,YES,PASS,
https://familyboard.win/zh-tw/guides/guest-preparation-checklist/,true,NO,2,YES,PASS,
https://familyboard.win/zh-tw/guides/heat-pump-maintenance-records/,true,NO,2,YES,PASS,
https://familyboard.win/zh-tw/tools/home-care-charge-service-payment-discrepancy-log/,true,NO,2,YES,PASS,
https://familyboard.win/zh-tw/tools/home-care-complaint-response-resolution-log/,true,NO,2,YES,PASS,
https://familyboard.win/zh-tw/tools/home-care-payment-refund-collection-notice-log/,true,NO,2,YES,PASS,
https://familyboard.win/zh-tw/guides/home-care-refund-and-collection-notices/,true,NO,2,YES,PASS,
https://familyboard.win/zh-tw/guides/home-care-service-complaint-resolution/,true,NO,2,YES,PASS,
https://familyboard.win/zh-tw/guides/home-care-service-fees-and-billing/,true,NO,2,YES,PASS,
https://familyboard.win/zh-tw/tools/home-care-service-interruption-backup-continuity-log/,true,NO,2,YES,PASS,
https://familyboard.win/zh-tw/guides/home-care-service-interruption-backup-plan/,true,NO,2,YES,PASS,
https://familyboard.win/zh-tw/tools/home-care-service-plan-change-notice-log/,true,NO,2,YES,PASS,
https://familyboard.win/zh-tw/guides/home-care-service-plan-changes/,true,NO,2,YES,PASS,
https://familyboard.win/zh-tw/guides/home-care-service-visit-records/,true,NO,2,YES,PASS,
https://familyboard.win/zh-tw/tools/home-care-visit-scope-service-result-log/,true,NO,2,YES,PASS,
https://familyboard.win/zh-tw/guides/home-contact-list/,true,NO,2,YES,PASS,
https://familyboard.win/zh-tw/features/home-dashboard/,true,NO,2,YES,PASS,
https://familyboard.win/zh-tw/tools/home-emergency-drill-record-generator/,true,NO,2,YES,PASS,
https://familyboard.win/zh-tw/guides/home-evacuation-information/,true,NO,2,YES,PASS,
https://familyboard.win/zh-tw/tools/home-handoff-summary-generator/,true,NO,2,YES,PASS,
https://familyboard.win/zh-tw/guides/home-improvement-receipts/,true,NO,2,YES,PASS,
https://familyboard.win/zh-tw/tools/home-inventory-checklist-generator/,true,NO,2,YES,PASS,
https://familyboard.win/zh-tw/guides/home-inventory-checklist/,true,NO,2,YES,PASS,
https://familyboard.win/zh-tw/guides/home-inventory-for-insurance/,true,NO,2,YES,PASS,
https://familyboard.win/zh-tw/features/home-inventory-tracker/,true,NO,2,YES,PASS,
https://familyboard.win/zh-tw/guides/home-maintenance-after-vacation/,true,NO,2,YES,PASS,
https://familyboard.win/zh-tw/guides/home-maintenance-binder/,true,NO,2,YES,PASS,
https://familyboard.win/zh-tw/guides/home-maintenance-budget/,true,NO,2,YES,PASS,
https://familyboard.win/zh-tw/guides/home-maintenance-calendar/,true,NO,2,YES,PASS,
https://familyboard.win/zh-tw/tools/home-maintenance-cost-tracker/,true,NO,2,YES,PASS,
https://familyboard.win/zh-tw/guides/home-maintenance-delegation/,true,NO,2,YES,PASS,
https://familyboard.win/zh-tw/guides/home-maintenance-log/,true,NO,2,YES,PASS,
https://familyboard.win/zh-tw/guides/home-maintenance-records/,true,NO,2,YES,PASS,
https://familyboard.win/zh-tw/guides/home-maintenance-reminders/,true,NO,2,YES,PASS,
https://familyboard.win/zh-tw/tools/home-maintenance-schedule-generator/,true,NO,2,YES,PASS,
https://familyboard.win/zh-tw/guides/home-maintenance-schedule/,true,NO,2,YES,PASS,
https://familyboard.win/zh-tw/guides/home-purchase-records/,true,NO,2,YES,PASS,
https://familyboard.win/zh-tw/features/home-record-keeper/,true,NO,2,YES,PASS,
https://familyboard.win/zh-tw/tools/home-repair-change-order-log/,true,NO,2,YES,PASS,
https://familyboard.win/zh-tw/tools/home-repair-closeout-checklist/,true,NO,2,YES,PASS,
https://familyboard.win/zh-tw/tools/home-repair-cost-log/,true,NO,2,YES,PASS,
https://familyboard.win/zh-tw/guides/home-repair-history/,true,NO,2,YES,PASS,
https://familyboard.win/zh-tw/tools/home-repair-punch-list/,true,NO,2,YES,PASS,
https://familyboard.win/zh-tw/guides/home-service-provider-list/,true,NO,2,YES,PASS,
https://familyboard.win/zh-tw/tools/home-service-provider-verification-log/,true,NO,2,YES,PASS,
https://familyboard.win/zh-tw/tools/home-service-reminder-generator/,true,NO,2,YES,PASS,
https://familyboard.win/zh-tw/,true,NO,1,YES,PASS,
https://familyboard.win/zh-tw/guides/house-sitter-information/,true,NO,2,YES,PASS,
https://familyboard.win/zh-tw/tools/house-sitter-instruction-generator/,true,NO,2,YES,PASS,
https://familyboard.win/zh-tw/tools/household-accessibility-walkthrough-log/,true,NO,2,YES,PASS,
https://familyboard.win/zh-tw/tools/household-account-list/,true,NO,2,YES,PASS,
https://familyboard.win/zh-tw/guides/household-account-list/,true,NO,2,YES,PASS,
https://familyboard.win/zh-tw/guides/household-admin-backup-person/,true,NO,2,YES,PASS,
https://familyboard.win/zh-tw/guides/household-admin-day/,true,NO,2,YES,PASS,
https://familyboard.win/zh-tw/tools/household-annual-review-generator/,true,NO,2,YES,PASS,
https://familyboard.win/zh-tw/tools/household-backup-recovery-checker/,true,NO,2,YES,PASS,
https://familyboard.win/zh-tw/tools/household-bill-source-status-log/,true,NO,2,YES,PASS,
https://familyboard.win/zh-tw/tools/household-building-notice-response-log/,true,NO,2,YES,PASS,
https://familyboard.win/zh-tw/features/household-calendar/,true,NO,2,YES,PASS,
https://familyboard.win/zh-tw/tools/household-clothing-care-repair-log/,true,NO,2,YES,PASS,
https://familyboard.win/zh-tw/tools/household-consumable-change-history-log/,true,NO,2,YES,PASS,
https://familyboard.win/zh-tw/tools/household-decision-register/,true,NO,2,YES,PASS,
https://familyboard.win/zh-tw/tools/household-document-index-generator/,true,NO,2,YES,PASS,
https://familyboard.win/zh-tw/tools/household-document-renewal-review-log/,true,NO,2,YES,PASS,
https://familyboard.win/zh-tw/features/household-documents-organizer/,true,NO,2,YES,PASS,
https://familyboard.win/zh-tw/guides/household-documents-organizer/,true,NO,2,YES,PASS,
https://familyboard.win/zh-tw/tools/household-donation-handoff-log/,true,NO,2,YES,PASS,
https://familyboard.win/zh-tw/tools/household-event-duration-calculator/,true,NO,2,YES,PASS,
https://familyboard.win/zh-tw/guides/household-event-source-check-taiwan/,true,NO,2,YES,PASS,
https://familyboard.win/zh-tw/tools/household-event-source-index-log/,true,NO,2,YES,PASS,
https://familyboard.win/zh-tw/tools/household-guest-arrival-prep-log/,true,NO,2,YES,PASS,
https://familyboard.win/zh-tw/features/household-handoff/,true,NO,2,YES,PASS,
https://familyboard.win/zh-tw/guides/household-handoff/,true,NO,2,YES,PASS,
https://familyboard.win/zh-tw/tools/household-insurance-claim-timeline-log/,true,NO,2,YES,PASS,
https://familyboard.win/zh-tw/tools/household-insurance-policy-source-version-log/,true,NO,2,YES,PASS,
https://familyboard.win/zh-tw/tools/household-internet-incident-review-log/,true,NO,2,YES,PASS,
https://familyboard.win/zh-tw/tools/household-inventory-photo-capture-log/,true,NO,2,YES,PASS,
https://familyboard.win/zh-tw/tools/household-mail-package-handoff-log/,true,NO,2,YES,PASS,
https://familyboard.win/zh-tw/tools/household-maintenance-delegation-map/,true,NO,2,YES,PASS,
https://familyboard.win/zh-tw/guides/household-management-checklist/,true,NO,2,YES,PASS,
https://familyboard.win/zh-tw/tools/household-meal-prep-role-log/,true,NO,2,YES,PASS,
https://familyboard.win/zh-tw/guides/household-medical-information-organization/,true,NO,2,YES,PASS,
https://familyboard.win/zh-tw/tools/household-medical-information-source-handoff-log/,true,NO,2,YES,PASS,
https://familyboard.win/zh-tw/tools/household-meeting-agenda-action-log/,true,NO,2,YES,PASS,
https://familyboard.win/zh-tw/tools/household-meter-reading-review-log/,true,NO,2,YES,PASS,
https://familyboard.win/zh-tw/tools/household-monthly-review-action-log/,true,NO,2,YES,PASS,
https://familyboard.win/zh-tw/guides/household-monthly-review/,true,NO,2,YES,PASS,
https://familyboard.win/zh-tw/features/household-operations-system/,true,NO,2,YES,PASS,
https://familyboard.win/zh-tw/tools/household-pantry-expiry-review-log/,true,NO,2,YES,PASS,
https://familyboard.win/zh-tw/tools/household-pet-record-source-handoff-log/,true,NO,2,YES,PASS,
https://familyboard.win/zh-tw/tools/household-plant-care-handoff-log/,true,NO,2,YES,PASS,
https://familyboard.win/zh-tw/tools/household-power-outage-event-log/,true,NO,2,YES,PASS,
https://familyboard.win/zh-tw/tools/household-record-retention-decision-log/,true,NO,2,YES,PASS,
https://familyboard.win/zh-tw/tools/household-record-retrieval-drill-log/,true,NO,2,YES,PASS,
https://familyboard.win/zh-tw/tools/household-recycling-handoff-log/,true,NO,2,YES,PASS,
https://familyboard.win/zh-tw/tools/household-repair-evidence-timeline-log/,true,NO,2,YES,PASS,
https://familyboard.win/zh-tw/tools/household-replacement-part-source-check-log/,true,NO,2,YES,PASS,
https://familyboard.win/zh-tw/guides/household-replacement-reserve/,true,NO,2,YES,PASS,
https://familyboard.win/zh-tw/tools/household-responsibility-coverage-map/,true,NO,2,YES,PASS,
https://familyboard.win/zh-tw/tools/household-return-handoff-log/,true,NO,2,YES,PASS,
https://familyboard.win/zh-tw/tools/household-school-activity-handoff-log/,true,NO,2,YES,PASS,
https://familyboard.win/zh-tw/tools/household-school-closure-continuity-log/,true,NO,2,YES,PASS,
https://familyboard.win/zh-tw/tools/household-school-pickup-handoff-log/,true,NO,2,YES,PASS,
https://familyboard.win/zh-tw/tools/household-school-record-source-handoff-log/,true,NO,2,YES,PASS,
https://familyboard.win/zh-tw/tools/household-service-appointment-handoff-log/,true,NO,2,YES,PASS,
https://familyboard.win/zh-tw/tools/household-share-access-review-log/,true,NO,2,YES,PASS,
https://familyboard.win/zh-tw/guides/household-shopping-staples/,true,NO,2,YES,PASS,
https://familyboard.win/zh-tw/tools/household-storm-readiness-review/,true,NO,2,YES,PASS,
https://familyboard.win/zh-tw/tools/household-subscription-cancellation-handoff-log/,true,NO,2,YES,PASS,
https://familyboard.win/zh-tw/tools/household-subscription-cost-calculator/,true,NO,2,YES,PASS,
https://familyboard.win/zh-tw/features/household-subscription-tracker/,true,NO,2,YES,PASS,
https://familyboard.win/zh-tw/guides/household-supplies-inventory/,true,NO,2,YES,PASS,
https://familyboard.win/zh-tw/tools/household-trip-packing-handoff-log/,true,NO,2,YES,PASS,
https://familyboard.win/zh-tw/tools/household-utility-bill-anomaly-log/,true,NO,2,YES,PASS,
https://familyboard.win/zh-tw/tools/household-utility-provider-service-handoff-log/,true,NO,2,YES,PASS,
https://familyboard.win/zh-tw/tools/household-vehicle-document-source-status-log/,true,NO,2,YES,PASS,
https://familyboard.win/zh-tw/tools/household-water-leak-event-log/,true,NO,2,YES,PASS,
https://familyboard.win/zh-tw/tools/household-weekly-reset-action-log/,true,NO,2,YES,PASS,
https://familyboard.win/zh-tw/guides/household-weekly-reset/,true,NO,2,YES,PASS,
https://familyboard.win/zh-tw/guides/how-long-to-keep-household-records/,true,NO,2,YES,PASS,
https://familyboard.win/zh-tw/guides/how-to-track-product-warranties/,true,NO,2,YES,PASS,
https://familyboard.win/zh-tw/guides/humidifier-maintenance-guide/,true,NO,2,YES,PASS,
https://familyboard.win/zh-tw/guides/hvac-filter-tracker/,true,NO,2,YES,PASS,
https://familyboard.win/zh-tw/tools/important-household-document-review/,true,NO,2,YES,PASS,
https://familyboard.win/zh-tw/guides/important-household-documents/,true,NO,2,YES,PASS,
https://familyboard.win/zh-tw/features/local-first-home-organizer/,true,NO,2,YES,PASS,
https://familyboard.win/zh-tw/guides/maintenance-priorities/,true,NO,2,YES,PASS,
https://familyboard.win/zh-tw/features/maintenance-tracker/,true,NO,2,YES,PASS,
https://familyboard.win/zh-tw/guides/microwave-maintenance-checklist/,true,NO,2,YES,PASS,
https://familyboard.win/zh-tw/guides/monthly-home-maintenance-checklist/,true,NO,2,YES,PASS,
https://familyboard.win/zh-tw/tools/move-in-checklist-generator/,true,NO,2,YES,PASS,
https://familyboard.win/zh-tw/guides/move-in-maintenance-checklist/,true,NO,2,YES,PASS,
https://familyboard.win/zh-tw/tools/move-out-condition-record-generator/,true,NO,2,YES,PASS,
https://familyboard.win/zh-tw/guides/move-out-home-records/,true,NO,2,YES,PASS,
https://familyboard.win/zh-tw/tools/moving-box-handover-log/,true,NO,2,YES,PASS,
https://familyboard.win/zh-tw/guides/moving-house-organizer/,true,NO,2,YES,PASS,
https://familyboard.win/zh-tw/guides/moving-inventory/,true,NO,2,YES,PASS,
https://familyboard.win/zh-tw/guides/new-home-setup-checklist/,true,NO,2,YES,PASS,
https://familyboard.win/zh-tw/features/no-account-family-organizer/,true,NO,2,YES,PASS,
https://familyboard.win/zh-tw/features/offline-household-organizer/,true,NO,2,YES,PASS,
https://familyboard.win/zh-tw/guides/organize-appliance-manuals/,true,NO,2,YES,PASS,
https://familyboard.win/zh-tw/guides/organize-household-subscriptions/,true,NO,2,YES,PASS,
https://familyboard.win/zh-tw/guides/organize-insurance-documents/,true,NO,2,YES,PASS,
https://familyboard.win/zh-tw/guides/organize-pet-records/,true,NO,2,YES,PASS,
https://familyboard.win/zh-tw/guides/organize-school-records-at-home/,true,NO,2,YES,PASS,
https://familyboard.win/zh-tw/guides/organize-utility-account-information/,true,NO,2,YES,PASS,
https://familyboard.win/zh-tw/guides/organize-vehicle-documents-at-home/,true,NO,2,YES,PASS,
https://familyboard.win/zh-tw/guides/oven-maintenance-checklist/,true,NO,2,YES,PASS,
https://familyboard.win/zh-tw/guides/pantry-restock-system/,true,NO,2,YES,PASS,
https://familyboard.win/zh-tw/guides/pet-sitter-information/,true,NO,2,YES,PASS,
https://familyboard.win/zh-tw/tools/pet-sitter-instruction-generator/,true,NO,2,YES,PASS,
https://familyboard.win/zh-tw/guides/photo-home-inventory/,true,NO,2,YES,PASS,
https://familyboard.win/zh-tw/guides/power-outage-home-preparedness/,true,NO,2,YES,PASS,
https://familyboard.win/zh-tw/guides/power-outage-recovery-household-records/,true,NO,2,YES,PASS,
https://familyboard.win/zh-tw/guides/preventive-home-maintenance/,true,NO,2,YES,PASS,
https://familyboard.win/zh-tw/pricing/,true,NO,2,YES,PASS,
https://familyboard.win/zh-tw/privacy/,true,NO,2,YES,PASS,
https://familyboard.win/zh-tw/features/private-family-organizer/,true,NO,2,YES,PASS,
https://familyboard.win/zh-tw/tools/product-recall-action-log/,true,NO,2,YES,PASS,
https://familyboard.win/zh-tw/guides/product-registration-tracker/,true,NO,2,YES,PASS,
https://familyboard.win/zh-tw/tools/purchase-delivery-evidence-log/,true,NO,2,YES,PASS,
https://familyboard.win/zh-tw/guides/purchase-receipt-organizer/,true,NO,2,YES,PASS,
https://familyboard.win/zh-tw/guides/quarterly-home-maintenance-checklist/,true,NO,2,YES,PASS,
https://familyboard.win/zh-tw/guides/range-hood-maintenance-checklist/,true,NO,2,YES,PASS,
https://familyboard.win/zh-tw/tools/receipt-retention-organizer/,true,NO,2,YES,PASS,
https://familyboard.win/zh-tw/guides/recurring-bills-tracker/,true,NO,2,YES,PASS,
https://familyboard.win/zh-tw/tools/recurring-chore-planner/,true,NO,2,YES,PASS,
https://familyboard.win/zh-tw/guides/recurring-household-tasks/,true,NO,2,YES,PASS,
https://familyboard.win/zh-tw/guides/refrigerator-maintenance-checklist/,true,NO,2,YES,PASS,
https://familyboard.win/zh-tw/guides/renovation-records/,true,NO,2,YES,PASS,
https://familyboard.win/zh-tw/guides/rental-home-maintenance-log/,true,NO,2,YES,PASS,
https://familyboard.win/zh-tw/tools/rental-repair-request-log/,true,NO,2,YES,PASS,
https://familyboard.win/zh-tw/tools/rental-security-deposit-move-out-claim-log/,true,NO,2,YES,PASS,
https://familyboard.win/zh-tw/guides/rental-security-deposit-move-out-claims/,true,NO,2,YES,PASS,
https://familyboard.win/zh-tw/guides/repair-history/,true,NO,2,YES,PASS,
https://familyboard.win/zh-tw/guides/returning-home-after-travel-checklist/,true,NO,2,YES,PASS,
https://familyboard.win/zh-tw/roadmap/,true,NO,2,YES,PASS,
https://familyboard.win/zh-tw/guides/robot-vacuum-maintenance-guide/,true,NO,2,YES,PASS,
https://familyboard.win/zh-tw/guides/room-by-room-home-inventory/,true,NO,2,YES,PASS,
https://familyboard.win/zh-tw/tools/room-inventory-generator/,true,NO,2,YES,PASS,
https://familyboard.win/zh-tw/guides/seasonal-home-maintenance-checklist/,true,NO,2,YES,PASS,
https://familyboard.win/zh-tw/security/,true,NO,2,YES,PASS,
https://familyboard.win/zh-tw/guides/serial-number-tracker/,true,NO,2,YES,PASS,
https://familyboard.win/zh-tw/guides/service-history/,true,NO,2,YES,PASS,
https://familyboard.win/zh-tw/guides/service-provider-contact-list/,true,NO,2,YES,PASS,
https://familyboard.win/zh-tw/guides/smoke-alarm-records/,true,NO,2,YES,PASS,
https://familyboard.win/zh-tw/guides/solar-panel-maintenance-records/,true,NO,2,YES,PASS,
https://familyboard.win/zh-tw/guides/spring-home-maintenance-checklist/,true,NO,2,YES,PASS,
https://familyboard.win/zh-tw/tools/storage-unit-access-inventory-log/,true,NO,2,YES,PASS,
https://familyboard.win/zh-tw/guides/storage-unit-inventory/,true,NO,2,YES,PASS,
https://familyboard.win/zh-tw/guides/storm-preparation-home-checklist/,true,NO,2,YES,PASS,
https://familyboard.win/zh-tw/guides/subscription-cancellation-refund-records/,true,NO,2,YES,PASS,
https://familyboard.win/zh-tw/guides/subscription-renewal-tracker/,true,NO,2,YES,PASS,
https://familyboard.win/zh-tw/guides/summer-home-maintenance-checklist/,true,NO,2,YES,PASS,
https://familyboard.win/zh-tw/terms/,true,NO,2,YES,PASS,
https://familyboard.win/zh-tw/guides/travel-household-handoff/,true,NO,2,YES,PASS,
https://familyboard.win/zh-tw/guides/ups-battery-backup-records/,true,NO,2,YES,PASS,
https://familyboard.win/zh-tw/guides/utility-shutoff-information/,true,NO,2,YES,PASS,
https://familyboard.win/zh-tw/guides/vacation-home-shutdown-checklist/,true,NO,2,YES,PASS,
https://familyboard.win/zh-tw/tools/vacation-shutdown-checklist-generator/,true,NO,2,YES,PASS,
https://familyboard.win/zh-tw/guides/vacuum-cleaner-maintenance-guide/,true,NO,2,YES,PASS,
https://familyboard.win/zh-tw/guides/valuable-item-inventory/,true,NO,2,YES,PASS,
https://familyboard.win/zh-tw/tools/warranty-checklist-generator/,true,NO,2,YES,PASS,
https://familyboard.win/zh-tw/tools/warranty-claim-evidence-log/,true,NO,2,YES,PASS,
https://familyboard.win/zh-tw/tools/warranty-expiration-calculator/,true,NO,2,YES,PASS,
https://familyboard.win/zh-tw/guides/warranty-expiration/,true,NO,2,YES,PASS,
https://familyboard.win/zh-tw/features/warranty-tracker/,true,NO,2,YES,PASS,
https://familyboard.win/zh-tw/guides/washing-machine-maintenance-checklist/,true,NO,2,YES,PASS,
https://familyboard.win/zh-tw/guides/water-filter-replacement-guide/,true,NO,2,YES,PASS,
https://familyboard.win/zh-tw/guides/water-heater-maintenance-records/,true,NO,2,YES,PASS,
https://familyboard.win/zh-tw/guides/water-leak-photo-evidence-records/,true,NO,2,YES,PASS,
https://familyboard.win/zh-tw/guides/water-leak-response-home-records/,true,NO,2,YES,PASS,
https://familyboard.win/zh-tw/guides/water-softener-maintenance-records/,true,NO,2,YES,PASS,
https://familyboard.win/zh-tw/guides/what-spouse-needs-to-know/,true,NO,2,YES,PASS,
https://familyboard.win/zh-tw/guides/wifi-router-maintenance-records/,true,NO,2,YES,PASS,
https://familyboard.win/zh-tw/guides/winter-home-maintenance-checklist/,true,NO,2,YES,PASS,
