url_a,url_b,cluster,score,primary_keyword_a,primary_keyword_b,primary_intent_a,primary_intent_b,headings_a,headings_b,decision,notes
https://familyboard.win/zh-tw/guides/familyboard-household-decision-register-tutorial/,https://familyboard.win/zh-tw/tools/household-decision-register/,household-operations,0.148,家庭決策紀錄工具,家庭決策紀錄工具,教台灣家庭用 FamilyBoard 記錄有來源、有條件、有負責人的家庭決策，分開決定、行動、正式結果與後續觀察,讓台灣家庭把一個問題、來源、限制、角色與實際結果分開留下可交接紀錄,家庭決策紀錄怎麼做？FamilyBoard 決定登錄工具教學 | 一次只定義一個問題和一個範圍 | 把來源和限制分開寫 | 分開選項、決定和實際結果 | 每筆未完成決定都要有一個核點 | 事實改變就開新版本 | 交接和隱私界線,八欄讓問題不會跳級 | 使用安全代號，不複製原件 | 記錄家庭限制，不記錄不必要壓力 | 行動與結果要分開複查 | 用在家庭會議與交接 | 匯出前做人工清掃 | 商品推薦不應遮住工具 | 關閉前的六個問題,KEEP_BOTH,decision method tutorial versus direct-use decision register
https://familyboard.win/guides/caregiver-handoff-checklist/,https://familyboard.win/tools/caregiver-handoff-source-authorization-log/,records-emergency / tools,0.217,caregiver handoff checklist,caregiver handoff checklist,prepare a source-controlled caregiver handoff without exposing care details or inventing authority,"document caregiver-handoff sources, recipient authority, minimum access, daily logistics and observed acceptance without storing care details","Build a caregiver handoff that another person can accept without exposing a care file | Begin with a safe alias, care window and stated purpose | Record the care recipient's participation and preference separately | A caregiver title, permitted disclosure and personal-representative authority are different | Link to the current plan or instruction; do not copy it into the index | Organize daily logistics without turning them into clinical instructions | Test access and custody from the receiving side | Treat discharge, agency changes and respite as source changes | Briefing, caregiver acceptance and an observed handoff result are three events | Include caregiver capacity and respite routes without promising service | Reopen the handoff when a meaningful event changes | Keep recommendations outside the critical workflow","Caregiver handoff source and authorization log | Create one version for one care period | Each row has twelve source, authority and acceptance fields | Twelve statuses preserve source, authority, access and acceptance | A caregiver label does not create authority | Keep source-issued care instructions in their protected source | Separate household routines from qualified care sources | Test actual access, custody and the return route | A discharge checklist or application is not service acceptance | Briefing, acceptance and responsible result remain separate | Caregiver support and respite need their own responsible source | The privacy gate rejects care and identity details | Product recommendations stay outside the care decision",KEEP_BOTH,planning checklist versus structured source/authorization log
https://familyboard.win/guides/familyboard-plant-care-handoff-log-tutorial/,https://familyboard.win/guides/familyboard-plant-care-handoff-tutorial/,household-operations / product,0.242,FamilyBoard plant care handoff log tutorial,FamilyBoard plant care handoff tutorial,"coordinate plant-care handoffs with safe references, observations and return review without diagnosing plants or exposing access details","learn to hand off indoor and balcony plant care with a bounded scope, source notes and a cautious return-home observation",How to Use FamilyBoard's Plant Care Handoff Log | Bound the care window and plant group | Point to the real care source | Record observations instead of diagnoses | Separate planned action from completed review | Keep access and privacy outside the shared row | Design a backup for weather and absence changes | Review the handoff when returning home | Eight-question closeout,How to Use FamilyBoard for Plant-Care Handoffs | Create a non-identifying plant code | Set the absence and return dates | Link to a care source | Describe actions and observations separately | Name a primary and backup caretaker | Keep weather and special events versioned | Run a no-access rehearsal | Keep recommendations after the answer | Eight-question closeout,RETARGET,general plant-care handoff tutorial versus log-specific coordination tutorial
https://familyboard.win/guides/household-account-list/,https://familyboard.win/tools/household-account-list/,household-operations,0.111,household account list,household account list tool,list household services and account owners without storing passwords,"organize household service ownership, source indexes, backup roles and transfer checkpoints without storing credentials","An account list answers ""whose login is this under,"" not ""who do we call"" | What belongs on an account record | Store enough of the account number to be useful, not the whole thing | Passwords do not belong in this list, and here's the actual mechanism that enforces it | What happens at a move deserves its own note, not an assumption | Continuity for critical, single-owner accounts | Review the list when ownership actually changes | Start with the accounts that would actually cause a problem if forgotten | Overlap with the subscription list is expected, and fine","Household Account List | What belongs in an account-service index | Use a bounded context | The eight-column row format | Keep action separate from confirmation | Privacy boundary: index, never credential | A practical first run | Optional affiliate space must not change the answer",RETARGET,guide explains the concept; tool is positioned for building the index
https://familyboard.win/zh-tw/guides/appliance-inventory/,https://familyboard.win/zh-tw/templates/printable-appliance-inventory/,inventory-warranty / printables,0.069,家電清冊,家電清冊,建立符合台灣家電購買交貨與保固文件情境的家電清冊,尋找可列印的家電型號與維修資料清冊,家電清冊怎麼做？型號、序號、發票與保固起算紀錄 | 先替實體家電建立不重複的家庭代號 | 型號與製造號碼不能互相代替 | 購買、交貨與安裝是三個不同事件 | 保證書應自己說明保固如何起算 | 發票很重要，但不是整份保證書 | 交貨證明不等於家人已完成複查 | 安裝來源與家庭複查也要分開 | 搬家留下、贈與與中古家電可以誠實記不完整 | 一個資產代號要連完家電的一生 | 聯盟商品不能回頭決定清冊狀態,可列印家電清冊：把報修時會被問的資料放在找得到的位置 | 一、先建立設備身分 | 二、把購買、安裝與文件分開 | 三、維修與耗材小區塊 | 四、更新與分享規則 | 一次更新一個可驗證欄位,KEEP_BOTH,guide explains the inventory workflow; printable is a reusable paper output
https://familyboard.win/zh-tw/guides/caregiver-handoff-checklist/,https://familyboard.win/zh-tw/tools/caregiver-handoff-source-authorization-log/,records-emergency / tools,0.154,照護交接清單,照護交接清單,教台灣家庭安全交接照護作息、授權、長照服務、喘息、接送與緊急升級來源,建立不含本人與照護內容的台灣照護者交接來源、權限、存取、生活安排、長照服務及接受狀態,照護者交接怎麼做？作息、授權、長照服務、喘息與緊急升級指南 | 先定義這次照護時段，不建立「永久通用版」 | 被照顧者意願、溝通支持與法定權限要分開 | 長照申請、到府評估、照顧計畫與服務開始是四個事件 | 目前照顧計畫只做版本指標，不複製內容 | 把生活作息與專業照護指示拆成兩層 | 出院返家是轉換，不是一張文件就完成 | 替代照護、喘息與人員更換都要重新核對 | 接送、回診與陪同要分開來源 | 從接收端測試存取與保管 | 說明、接受與負責結果是三個階段 | 照護者負荷也是交接風險 | 用事件重開，不靠固定日期假裝更新 | 聯盟商品不進入照護決策,一次只建立一個照護時段版本 | 每列使用十二個來源、權限與接受欄位 | 十二種狀態分開來源、權限、存取與接受結果 | 家庭稱謂不能取代權限來源 | 不在工具保存照顧計畫與醫療內容 | 長照來源與家庭生活來源各自負責 | 喘息或替代照護仍要看到接受結果 | 傳出文件不等於接收端能使用 | 出院、接送與服務轉換不合併成一個完成勾選 | 說明、接受與實際結果不能互換 | 內建隱私閘門與品質檢查 | 商品推薦不介入照護流程,KEEP_BOTH,checklist planning intent versus structured source and authorization log
https://familyboard.win/zh-tw/guides/emergency-binder/,https://familyboard.win/zh-tw/tools/emergency-binder-generator/,household-operations / tools,0.069,家庭緊急資料夾,家庭緊急資料夾,協助家庭建立可在壓力下快速查找的緊急資料夾,製作台灣家庭可離線使用且不過度暴露個資的緊急資料夾,家庭緊急資料夾：讓下一個人找得到，而不是把所有文件塞在一起 | 先做一頁壓力下看得懂的快速參考 | 按角色整理聯絡人 | 把集合點與通訊規則寫成可執行句子 | 敏感文件只記存放位置 | 為不同家庭成員準備不同版本 | 把住家設備資訊寫成位置索引 | 讓完全不熟悉家庭行政的人測試一次 | 建立年度與事件觸發的檢查 | FamilyBoard 的隱私與聯盟邊界 | 今天的最小版本,緊急資料夾的目的不是集中最多秘密 | 家庭防災卡先回答三件事 | 避難處所與路線不是靜態地址簿 | 台灣緊急號碼放角色，不放錯誤承諾 | 家庭與服務聯絡只放這次真的需要的人 | 特殊需求欄保存「來源與位置」，不創作指示 | 把原件位置做成索引，而不是影印全集 | 紙本和數位版各有不同失效方式 | 複查不是看日期有沒有更新而已 | 一個兩層資料夾例子 | FamilyBoard 能做什麼、不能做什麼 | 常見問題 | 家庭緊急資料夾是不是要把身分證、保單、病歷都影印放在一起？ | 台灣家庭防災卡至少要有哪些內容？ | 避難收容處所可以查一次後永久印在紙上嗎？ | 特殊用藥或醫療設備細節應直接寫進可分享防災卡嗎？ | 只有手機版緊急資料就夠嗎？,KEEP_BOTH,guide explains binder structure; generator produces a bounded draft
https://familyboard.win/zh-tw/guides/home-care-service-plan-changes/,https://familyboard.win/zh-tw/tools/home-care-service-plan-change-notice-log/,records-emergency / tools,0.133,居家服務變更,居家服務變更,教台灣家庭分辨長照重新評估、照顧計畫、居家服務契約、換人改時段、費用通知、服務終止及實際銜接結果,建立不含本人、照護、通知與申訴內文的台灣居家服務方案變更、通知、銜接及負責結果索引,居家服務變更怎麼處理？照顧計畫、契約通知、換人、改時段與終止指南 | 先問「哪一層變了」，不要只問「改了什麼」 | 台灣長照流程裡，評估、計畫、核定、連結與服務是不同事件 | 契約變更不能只靠電話或聊天訊息 | 換居服員和改時段：先確認是排班、交接還是計畫變更 | 第一層：變更通知 | 第二層：交接與最少資訊 | 第三層：第一次新安排的服務結果 | 收到、簽收、理解、同意與異議是五個不同狀態 | 生效日到了，仍要等第一次新版服務結果 | 服務減少、停止或終止：立即讀原始文件 | 服務不中斷要看實際銜接，不只看承諾 | 費用通知不要和照顧計畫自動綁在一起 | 有爭議時，先把事件順序整理好 | 家庭內部分工：一人保存來源，一人核對實際結果 | 隱私安全的三層保存法 | 商品推薦不能擋在通知與服務之前 | 今天就做一個最小可用版本,先建立一個變更關係，不要只抄訊息 | 每一列固定十二個證據層 | 十二種狀態把「變更」拆成真正可核對的流程 | 重新評估、照顧計畫、契約附件與排班通知不是同一件事 | 通知已送達、已簽收、已理解與已同意要分開 | 生效來源與第一次新版服務是兩個證據 | 服務人員異動需要交接，但不一定改變照顧計畫 | 費用、給付、服務範圍與申訴要分流 | 隱私阻擋是草稿防線，不是正確性證明 | 商品推薦不得進入通知、權利與服務關係,KEEP_BOTH,change-planning guide versus structured notice log
https://familyboard.win/zh-tw/guides/home-care-service-visit-records/,https://familyboard.win/zh-tw/tools/home-care-visit-scope-service-result-log/,records-emergency / tools,0.164,居家服務紀錄,居家服務紀錄,教台灣家庭在不保存服務對象、居服員與照護內容的前提下，核對居家服務到訪、範圍、例外及負責結果,建立不含本人、居服員與照護內容的台灣居家服務到離場、服務範圍、例外及負責結果索引,居家服務紀錄怎麼做？長照契約、到離場、服務範圍、例外與申訴指南 | 先確定你整理的是哪一種居家服務 | 照顧計畫、契約、服務紀錄與家庭觀察是四套來源 | 契約版本不要只靠聊天訊息 | 排定、到場、離場、服務例外與負責回覆是五個事件 | 不要把家庭表變成居服員監控工具 | 服務範圍只做版本核對，不抄照護內容 | 居服員更換不是只改一個名字 | 未到、遲到、縮短或提早離場怎麼記 | 服務安全或照護內容疑慮要走專業路徑 | 計費疑問不要在家庭索引重建帳務 | 申訴前先保留原始事件順序 | 收到結果後仍要記重開條件 | 建立一個不暴露人的家庭流程 | 商品推薦不得影響服務或申訴,一次只核對一個服務關係與期間 | 每列固定十二個證據層次 | 十二種狀態分開到訪來源、證據、例外與負責結果 | 排定、派案、到場、離場與服務完成不能合併 | 台灣居家照護來源先分清楚 | 契約與照顧計畫變更要另開版本 | 例外只寫類別，不寫照護或事件內文 | 回報、收件、調查與結果是四個事件 | 隱私閘門保護服務對象與工作人員 | 聯盟商品不能進入服務關係,KEEP_BOTH,visit-record guidance versus direct-use service result log
