site,url,http_status,indexable,meta_robots,x_robots,canonical,in_sitemap,incoming_links,language,page_type,bing_status,recommended_state,reason
familyboard.win,https://familyboard.win/,200,True,"index,follow,max-image-preview:large",,https://familyboard.win/,True,87,en,Homepage,UNKNOWN (supplied aggregate only),KEEP_INDEXABLE,Current self-canonical HTML200 and unchanged source indexing policy; search indexing status unavailable per URL.
familyboard.win,https://familyboard.win/about/,200,True,"index,follow,max-image-preview:large",,https://familyboard.win/about/,True,79,en,Content,UNKNOWN (supplied aggregate only),KEEP_INDEXABLE,Current self-canonical HTML200 and unchanged source indexing policy; search indexing status unavailable per URL.
familyboard.win,https://familyboard.win/affiliate-disclosure/,200,True,"index,follow,max-image-preview:large",,https://familyboard.win/affiliate-disclosure/,True,79,en,Content,UNKNOWN (supplied aggregate only),KEEP_INDEXABLE,Current self-canonical HTML200 and unchanged source indexing policy; search indexing status unavailable per URL.
familyboard.win,https://familyboard.win/app/,200,False,"noindex,follow",,https://familyboard.win/app/,False,80,en,Private App,UNKNOWN (supplied aggregate only),INTENTIONAL_NOINDEX,Private /app/ or offline shell; verified by BaseLayout/prune manifest; do not change.
familyboard.win,https://familyboard.win/changelog/,200,True,"index,follow,max-image-preview:large",,https://familyboard.win/changelog/,True,79,en,Content,UNKNOWN (supplied aggregate only),KEEP_INDEXABLE,Current self-canonical HTML200 and unchanged source indexing policy; search indexing status unavailable per URL.
familyboard.win,https://familyboard.win/checklists/,200,True,"index,follow,max-image-preview:large",,https://familyboard.win/checklists/,True,79,en,Content,UNKNOWN (supplied aggregate only),KEEP_INDEXABLE,Current self-canonical HTML200 and unchanged source indexing policy; search indexing status unavailable per URL.
familyboard.win,https://familyboard.win/contact/,200,True,"index,follow,max-image-preview:large",,https://familyboard.win/contact/,True,79,en,Content,UNKNOWN (supplied aggregate only),KEEP_INDEXABLE,Current self-canonical HTML200 and unchanged source indexing policy; search indexing status unavailable per URL.
familyboard.win,https://familyboard.win/disclaimer/,200,True,"index,follow,max-image-preview:large",,https://familyboard.win/disclaimer/,True,79,en,Content,UNKNOWN (supplied aggregate only),KEEP_INDEXABLE,Current self-canonical HTML200 and unchanged source indexing policy; search indexing status unavailable per URL.
familyboard.win,https://familyboard.win/editorial-policy/,200,True,"index,follow,max-image-preview:large",,https://familyboard.win/editorial-policy/,True,110,en,Content,UNKNOWN (supplied aggregate only),KEEP_INDEXABLE,Current self-canonical HTML200 and unchanged source indexing policy; search indexing status unavailable per URL.
familyboard.win,https://familyboard.win/features/,200,True,"index,follow,max-image-preview:large",,https://familyboard.win/features/,True,79,en,Content,UNKNOWN (supplied aggregate only),KEEP_INDEXABLE,Current self-canonical HTML200 and unchanged source indexing policy; search indexing status unavailable per URL.
familyboard.win,https://familyboard.win/features/home-inventory-tracker/,200,True,"index,follow,max-image-preview:large",,https://familyboard.win/features/home-inventory-tracker/,True,16,en,Content,UNKNOWN (supplied aggregate only),KEEP_INDEXABLE,Current self-canonical HTML200 and unchanged source indexing policy; search indexing status unavailable per URL.
familyboard.win,https://familyboard.win/features/household-handoff/,200,True,"index,follow,max-image-preview:large",,https://familyboard.win/features/household-handoff/,True,16,en,Content,UNKNOWN (supplied aggregate only),KEEP_INDEXABLE,Current self-canonical HTML200 and unchanged source indexing policy; search indexing status unavailable per URL.
familyboard.win,https://familyboard.win/features/maintenance-tracker/,200,True,"index,follow,max-image-preview:large",,https://familyboard.win/features/maintenance-tracker/,True,16,en,Content,UNKNOWN (supplied aggregate only),KEEP_INDEXABLE,Current self-canonical HTML200 and unchanged source indexing policy; search indexing status unavailable per URL.
familyboard.win,https://familyboard.win/guides/,200,True,"index,follow,max-image-preview:large",,https://familyboard.win/guides/,True,79,en,Guide,UNKNOWN (supplied aggregate only),KEEP_INDEXABLE,Current self-canonical HTML200 and unchanged source indexing policy; search indexing status unavailable per URL.
familyboard.win,https://familyboard.win/pricing/,200,True,"index,follow,max-image-preview:large",,https://familyboard.win/pricing/,True,79,en,Content,UNKNOWN (supplied aggregate only),KEEP_INDEXABLE,Current self-canonical HTML200 and unchanged source indexing policy; search indexing status unavailable per URL.
familyboard.win,https://familyboard.win/privacy/,200,True,"index,follow,max-image-preview:large",,https://familyboard.win/privacy/,True,79,en,Content,UNKNOWN (supplied aggregate only),KEEP_INDEXABLE,Current self-canonical HTML200 and unchanged source indexing policy; search indexing status unavailable per URL.
familyboard.win,https://familyboard.win/roadmap/,200,True,"index,follow,max-image-preview:large",,https://familyboard.win/roadmap/,True,79,en,Content,UNKNOWN (supplied aggregate only),KEEP_INDEXABLE,Current self-canonical HTML200 and unchanged source indexing policy; search indexing status unavailable per URL.
familyboard.win,https://familyboard.win/search/,200,False,"noindex,follow",,https://familyboard.win/search/,False,78,en,Content,UNKNOWN (supplied aggregate only),INTENTIONAL_NOINDEX,Private /app/ or offline shell; verified by BaseLayout/prune manifest; do not change.
familyboard.win,https://familyboard.win/security/,200,True,"index,follow,max-image-preview:large",,https://familyboard.win/security/,True,79,en,Content,UNKNOWN (supplied aggregate only),KEEP_INDEXABLE,Current self-canonical HTML200 and unchanged source indexing policy; search indexing status unavailable per URL.
familyboard.win,https://familyboard.win/templates/,200,True,"index,follow,max-image-preview:large",,https://familyboard.win/templates/,True,79,en,Content,UNKNOWN (supplied aggregate only),KEEP_INDEXABLE,Current self-canonical HTML200 and unchanged source indexing policy; search indexing status unavailable per URL.
familyboard.win,https://familyboard.win/templates/printable-home-inventory-template/,200,True,"index,follow,max-image-preview:large",,https://familyboard.win/templates/printable-home-inventory-template/,True,10,en,Content,UNKNOWN (supplied aggregate only),KEEP_INDEXABLE,Current self-canonical HTML200 and unchanged source indexing policy; search indexing status unavailable per URL.
familyboard.win,https://familyboard.win/terms/,200,True,"index,follow,max-image-preview:large",,https://familyboard.win/terms/,True,79,en,Content,UNKNOWN (supplied aggregate only),KEEP_INDEXABLE,Current self-canonical HTML200 and unchanged source indexing policy; search indexing status unavailable per URL.
familyboard.win,https://familyboard.win/tools/,200,True,"index,follow,max-image-preview:large",,https://familyboard.win/tools/,True,79,en,Tool,UNKNOWN (supplied aggregate only),KEEP_INDEXABLE,Current self-canonical HTML200 and unchanged source indexing policy; search indexing status unavailable per URL.
familyboard.win,https://familyboard.win/tools/home-maintenance-schedule-generator/,200,True,"index,follow,max-image-preview:large",,https://familyboard.win/tools/home-maintenance-schedule-generator/,True,13,en,Tool,UNKNOWN (supplied aggregate only),KEEP_INDEXABLE,Current self-canonical HTML200 and unchanged source indexing policy; search indexing status unavailable per URL.
familyboard.win,https://familyboard.win/tools/warranty-expiration-calculator/,200,True,"index,follow,max-image-preview:large",,https://familyboard.win/tools/warranty-expiration-calculator/,True,19,en,Tool,UNKNOWN (supplied aggregate only),KEEP_INDEXABLE,Current self-canonical HTML200 and unchanged source indexing policy; search indexing status unavailable per URL.
familyboard.win,https://familyboard.win/zh-tw/,200,True,"index,follow,max-image-preview:large",,https://familyboard.win/zh-tw/,True,87,zh-TW,Homepage,UNKNOWN (supplied aggregate only),KEEP_INDEXABLE,Current self-canonical HTML200 and unchanged source indexing policy; search indexing status unavailable per URL.
familyboard.win,https://familyboard.win/checklists/printable-home-maintenance-checklist/,200,True,"index,follow,max-image-preview:large",,https://familyboard.win/checklists/printable-home-maintenance-checklist/,True,8,en,Content,UNKNOWN (supplied aggregate only),KEEP_INDEXABLE,Current self-canonical HTML200 and unchanged source indexing policy; search indexing status unavailable per URL.
familyboard.win,https://familyboard.win/checklists/printable-house-sitter-checklist/,200,True,"index,follow,max-image-preview:large",,https://familyboard.win/checklists/printable-house-sitter-checklist/,True,9,en,Content,UNKNOWN (supplied aggregate only),KEEP_INDEXABLE,Current self-canonical HTML200 and unchanged source indexing policy; search indexing status unavailable per URL.
familyboard.win,https://familyboard.win/checklists/printable-moving-checklist/,200,True,"index,follow,max-image-preview:large",,https://familyboard.win/checklists/printable-moving-checklist/,True,8,en,Content,UNKNOWN (supplied aggregate only),KEEP_INDEXABLE,Current self-canonical HTML200 and unchanged source indexing policy; search indexing status unavailable per URL.
familyboard.win,https://familyboard.win/checklists/printable-new-home-checklist/,200,True,"index,follow,max-image-preview:large",,https://familyboard.win/checklists/printable-new-home-checklist/,True,8,en,Content,UNKNOWN (supplied aggregate only),KEEP_INDEXABLE,Current self-canonical HTML200 and unchanged source indexing policy; search indexing status unavailable per URL.
familyboard.win,https://familyboard.win/checklists/printable-pet-sitter-checklist/,200,True,"index,follow,max-image-preview:large",,https://familyboard.win/checklists/printable-pet-sitter-checklist/,True,9,en,Content,UNKNOWN (supplied aggregate only),KEEP_INDEXABLE,Current self-canonical HTML200 and unchanged source indexing policy; search indexing status unavailable per URL.
familyboard.win,https://familyboard.win/checklists/printable-seasonal-home-checklist/,200,True,"index,follow,max-image-preview:large",,https://familyboard.win/checklists/printable-seasonal-home-checklist/,True,8,en,Content,UNKNOWN (supplied aggregate only),KEEP_INDEXABLE,Current self-canonical HTML200 and unchanged source indexing policy; search indexing status unavailable per URL.
familyboard.win,https://familyboard.win/features/family-display-mode/,200,True,"index,follow,max-image-preview:large",,https://familyboard.win/features/family-display-mode/,True,10,en,Content,UNKNOWN (supplied aggregate only),KEEP_INDEXABLE,Current self-canonical HTML200 and unchanged source indexing policy; search indexing status unavailable per URL.
familyboard.win,https://familyboard.win/features/free-home-management-app/,200,True,"index,follow,max-image-preview:large",,https://familyboard.win/features/free-home-management-app/,True,15,en,Content,UNKNOWN (supplied aggregate only),KEEP_INDEXABLE,Current self-canonical HTML200 and unchanged source indexing policy; search indexing status unavailable per URL.
familyboard.win,https://familyboard.win/features/household-documents-organizer/,200,True,"index,follow,max-image-preview:large",,https://familyboard.win/features/household-documents-organizer/,True,11,en,Content,UNKNOWN (supplied aggregate only),KEEP_INDEXABLE,Current self-canonical HTML200 and unchanged source indexing policy; search indexing status unavailable per URL.
familyboard.win,https://familyboard.win/features/private-family-organizer/,200,True,"index,follow,max-image-preview:large",,https://familyboard.win/features/private-family-organizer/,True,9,en,Content,UNKNOWN (supplied aggregate only),KEEP_INDEXABLE,Current self-canonical HTML200 and unchanged source indexing policy; search indexing status unavailable per URL.
familyboard.win,https://familyboard.win/guides/appliance-replacement-planning/,200,True,"index,follow,max-image-preview:large",,https://familyboard.win/guides/appliance-replacement-planning/,True,11,en,Guide,UNKNOWN (supplied aggregate only),KEEP_INDEXABLE,Current self-canonical HTML200 and unchanged source indexing policy; search indexing status unavailable per URL.
familyboard.win,https://familyboard.win/guides/ceiling-fan-maintenance-checklist/,200,True,"index,follow,max-image-preview:large",,https://familyboard.win/guides/ceiling-fan-maintenance-checklist/,True,8,en,Guide,UNKNOWN (supplied aggregate only),KEEP_INDEXABLE,Current self-canonical HTML200 and unchanged source indexing policy; search indexing status unavailable per URL.
familyboard.win,https://familyboard.win/guides/dishwasher-maintenance-checklist/,200,True,"index,follow,max-image-preview:large",,https://familyboard.win/guides/dishwasher-maintenance-checklist/,True,8,en,Guide,UNKNOWN (supplied aggregate only),KEEP_INDEXABLE,Current self-canonical HTML200 and unchanged source indexing policy; search indexing status unavailable per URL.
familyboard.win,https://familyboard.win/guides/dryer-maintenance-checklist/,200,True,"index,follow,max-image-preview:large",,https://familyboard.win/guides/dryer-maintenance-checklist/,True,9,en,Guide,UNKNOWN (supplied aggregate only),KEEP_INDEXABLE,Current self-canonical HTML200 and unchanged source indexing policy; search indexing status unavailable per URL.
familyboard.win,https://familyboard.win/guides/family-chore-system/,200,True,"index,follow,max-image-preview:large",,https://familyboard.win/guides/family-chore-system/,True,6,en,Guide,UNKNOWN (supplied aggregate only),KEEP_INDEXABLE,Current self-canonical HTML200 and unchanged source indexing policy; search indexing status unavailable per URL.
familyboard.win,https://familyboard.win/guides/family-continuity-plan/,200,True,"index,follow,max-image-preview:large",,https://familyboard.win/guides/family-continuity-plan/,True,6,en,Guide,UNKNOWN (supplied aggregate only),KEEP_INDEXABLE,Current self-canonical HTML200 and unchanged source indexing policy; search indexing status unavailable per URL.
familyboard.win,https://familyboard.win/guides/freezer-maintenance-checklist/,200,True,"index,follow,max-image-preview:large",,https://familyboard.win/guides/freezer-maintenance-checklist/,True,8,en,Guide,UNKNOWN (supplied aggregate only),KEEP_INDEXABLE,Current self-canonical HTML200 and unchanged source indexing policy; search indexing status unavailable per URL.
familyboard.win,https://familyboard.win/guides/garbage-disposal-maintenance-guide/,200,True,"index,follow,max-image-preview:large",,https://familyboard.win/guides/garbage-disposal-maintenance-guide/,True,8,en,Guide,UNKNOWN (supplied aggregate only),KEEP_INDEXABLE,Current self-canonical HTML200 and unchanged source indexing policy; search indexing status unavailable per URL.
familyboard.win,https://familyboard.win/guides/guest-preparation-checklist/,200,True,"index,follow,max-image-preview:large",,https://familyboard.win/guides/guest-preparation-checklist/,True,6,en,Guide,UNKNOWN (supplied aggregate only),KEEP_INDEXABLE,Current self-canonical HTML200 and unchanged source indexing policy; search indexing status unavailable per URL.
familyboard.win,https://familyboard.win/guides/home-maintenance-after-vacation/,200,True,"index,follow,max-image-preview:large",,https://familyboard.win/guides/home-maintenance-after-vacation/,True,8,en,Guide,UNKNOWN (supplied aggregate only),KEEP_INDEXABLE,Current self-canonical HTML200 and unchanged source indexing policy; search indexing status unavailable per URL.
familyboard.win,https://familyboard.win/guides/home-service-provider-list/,200,True,"index,follow,max-image-preview:large",,https://familyboard.win/guides/home-service-provider-list/,True,12,en,Guide,UNKNOWN (supplied aggregate only),KEEP_INDEXABLE,Current self-canonical HTML200 and unchanged source indexing policy; search indexing status unavailable per URL.
familyboard.win,https://familyboard.win/guides/household-admin-backup-person/,200,True,"index,follow,max-image-preview:large",,https://familyboard.win/guides/household-admin-backup-person/,True,6,en,Guide,UNKNOWN (supplied aggregate only),KEEP_INDEXABLE,Current self-canonical HTML200 and unchanged source indexing policy; search indexing status unavailable per URL.
familyboard.win,https://familyboard.win/guides/household-documents-organizer/,200,True,"index,follow,max-image-preview:large",,https://familyboard.win/guides/household-documents-organizer/,True,5,en,Guide,UNKNOWN (supplied aggregate only),KEEP_INDEXABLE,Current self-canonical HTML200 and unchanged source indexing policy; search indexing status unavailable per URL.
familyboard.win,https://familyboard.win/guides/household-management-checklist/,200,True,"index,follow,max-image-preview:large",,https://familyboard.win/guides/household-management-checklist/,True,7,en,Guide,UNKNOWN (supplied aggregate only),KEEP_INDEXABLE,Current self-canonical HTML200 and unchanged source indexing policy; search indexing status unavailable per URL.
familyboard.win,https://familyboard.win/guides/household-replacement-reserve/,200,True,"index,follow,max-image-preview:large",,https://familyboard.win/guides/household-replacement-reserve/,True,7,en,Guide,UNKNOWN (supplied aggregate only),KEEP_INDEXABLE,Current self-canonical HTML200 and unchanged source indexing policy; search indexing status unavailable per URL.
familyboard.win,https://familyboard.win/guides/household-supplies-inventory/,200,True,"index,follow,max-image-preview:large",,https://familyboard.win/guides/household-supplies-inventory/,True,8,en,Guide,UNKNOWN (supplied aggregate only),KEEP_INDEXABLE,Current self-canonical HTML200 and unchanged source indexing policy; search indexing status unavailable per URL.
familyboard.win,https://familyboard.win/guides/how-to-track-product-warranties/,200,True,"index,follow,max-image-preview:large",,https://familyboard.win/guides/how-to-track-product-warranties/,True,10,en,Guide,UNKNOWN (supplied aggregate only),KEEP_INDEXABLE,Current self-canonical HTML200 and unchanged source indexing policy; search indexing status unavailable per URL.
familyboard.win,https://familyboard.win/guides/humidifier-maintenance-guide/,200,True,"index,follow,max-image-preview:large",,https://familyboard.win/guides/humidifier-maintenance-guide/,True,8,en,Guide,UNKNOWN (supplied aggregate only),KEEP_INDEXABLE,Current self-canonical HTML200 and unchanged source indexing policy; search indexing status unavailable per URL.
familyboard.win,https://familyboard.win/guides/microwave-maintenance-checklist/,200,True,"index,follow,max-image-preview:large",,https://familyboard.win/guides/microwave-maintenance-checklist/,True,8,en,Guide,UNKNOWN (supplied aggregate only),KEEP_INDEXABLE,Current self-canonical HTML200 and unchanged source indexing policy; search indexing status unavailable per URL.
familyboard.win,https://familyboard.win/guides/monthly-home-maintenance-checklist/,200,True,"index,follow,max-image-preview:large",,https://familyboard.win/guides/monthly-home-maintenance-checklist/,True,8,en,Guide,UNKNOWN (supplied aggregate only),KEEP_INDEXABLE,Current self-canonical HTML200 and unchanged source indexing policy; search indexing status unavailable per URL.
familyboard.win,https://familyboard.win/guides/moving-house-organizer/,200,True,"index,follow,max-image-preview:large",,https://familyboard.win/guides/moving-house-organizer/,True,7,en,Guide,UNKNOWN (supplied aggregate only),KEEP_INDEXABLE,Current self-canonical HTML200 and unchanged source indexing policy; search indexing status unavailable per URL.
familyboard.win,https://familyboard.win/guides/organize-pet-records/,200,True,"index,follow,max-image-preview:large",,https://familyboard.win/guides/organize-pet-records/,True,7,en,Guide,UNKNOWN (supplied aggregate only),KEEP_INDEXABLE,Current self-canonical HTML200 and unchanged source indexing policy; search indexing status unavailable per URL.
familyboard.win,https://familyboard.win/guides/oven-maintenance-checklist/,200,True,"index,follow,max-image-preview:large",,https://familyboard.win/guides/oven-maintenance-checklist/,True,8,en,Guide,UNKNOWN (supplied aggregate only),KEEP_INDEXABLE,Current self-canonical HTML200 and unchanged source indexing policy; search indexing status unavailable per URL.
familyboard.win,https://familyboard.win/guides/photo-home-inventory/,200,True,"index,follow,max-image-preview:large",,https://familyboard.win/guides/photo-home-inventory/,True,8,en,Guide,UNKNOWN (supplied aggregate only),KEEP_INDEXABLE,Current self-canonical HTML200 and unchanged source indexing policy; search indexing status unavailable per URL.
familyboard.win,https://familyboard.win/guides/power-outage-home-preparedness/,200,True,"index,follow,max-image-preview:large",,https://familyboard.win/guides/power-outage-home-preparedness/,True,9,en,Guide,UNKNOWN (supplied aggregate only),KEEP_INDEXABLE,Current self-canonical HTML200 and unchanged source indexing policy; search indexing status unavailable per URL.
familyboard.win,https://familyboard.win/guides/quarterly-home-maintenance-checklist/,200,True,"index,follow,max-image-preview:large",,https://familyboard.win/guides/quarterly-home-maintenance-checklist/,True,8,en,Guide,UNKNOWN (supplied aggregate only),KEEP_INDEXABLE,Current self-canonical HTML200 and unchanged source indexing policy; search indexing status unavailable per URL.
familyboard.win,https://familyboard.win/guides/renovation-records/,200,True,"index,follow,max-image-preview:large",,https://familyboard.win/guides/renovation-records/,True,7,en,Guide,UNKNOWN (supplied aggregate only),KEEP_INDEXABLE,Current self-canonical HTML200 and unchanged source indexing policy; search indexing status unavailable per URL.
familyboard.win,https://familyboard.win/guides/robot-vacuum-maintenance-guide/,200,True,"index,follow,max-image-preview:large",,https://familyboard.win/guides/robot-vacuum-maintenance-guide/,True,10,en,Guide,UNKNOWN (supplied aggregate only),KEEP_INDEXABLE,Current self-canonical HTML200 and unchanged source indexing policy; search indexing status unavailable per URL.
familyboard.win,https://familyboard.win/guides/warranty-expiration/,200,True,"index,follow,max-image-preview:large",,https://familyboard.win/guides/warranty-expiration/,True,8,en,Guide,UNKNOWN (supplied aggregate only),KEEP_INDEXABLE,Current self-canonical HTML200 and unchanged source indexing policy; search indexing status unavailable per URL.
familyboard.win,https://familyboard.win/guides/washing-machine-maintenance-checklist/,200,True,"index,follow,max-image-preview:large",,https://familyboard.win/guides/washing-machine-maintenance-checklist/,True,9,en,Guide,UNKNOWN (supplied aggregate only),KEEP_INDEXABLE,Current self-canonical HTML200 and unchanged source indexing policy; search indexing status unavailable per URL.
familyboard.win,https://familyboard.win/guides/water-heater-maintenance-records/,200,True,"index,follow,max-image-preview:large",,https://familyboard.win/guides/water-heater-maintenance-records/,True,8,en,Guide,UNKNOWN (supplied aggregate only),KEEP_INDEXABLE,Current self-canonical HTML200 and unchanged source indexing policy; search indexing status unavailable per URL.
familyboard.win,https://familyboard.win/guides/water-leak-response-home-records/,200,True,"index,follow,max-image-preview:large",,https://familyboard.win/guides/water-leak-response-home-records/,True,11,en,Guide,UNKNOWN (supplied aggregate only),KEEP_INDEXABLE,Current self-canonical HTML200 and unchanged source indexing policy; search indexing status unavailable per URL.
familyboard.win,https://familyboard.win/templates/printable-annual-renewals/,200,True,"index,follow,max-image-preview:large",,https://familyboard.win/templates/printable-annual-renewals/,True,8,en,Content,UNKNOWN (supplied aggregate only),KEEP_INDEXABLE,Current self-canonical HTML200 and unchanged source indexing policy; search indexing status unavailable per URL.
familyboard.win,https://familyboard.win/templates/printable-household-handoff-sheet/,200,True,"index,follow,max-image-preview:large",,https://familyboard.win/templates/printable-household-handoff-sheet/,True,8,en,Content,UNKNOWN (supplied aggregate only),KEEP_INDEXABLE,Current self-canonical HTML200 and unchanged source indexing policy; search indexing status unavailable per URL.
familyboard.win,https://familyboard.win/templates/printable-service-provider-list/,200,True,"index,follow,max-image-preview:large",,https://familyboard.win/templates/printable-service-provider-list/,True,9,en,Content,UNKNOWN (supplied aggregate only),KEEP_INDEXABLE,Current self-canonical HTML200 and unchanged source indexing policy; search indexing status unavailable per URL.
familyboard.win,https://familyboard.win/tools/annual-subscription-cost-calculator/,200,True,"index,follow,max-image-preview:large",,https://familyboard.win/tools/annual-subscription-cost-calculator/,True,9,en,Tool,UNKNOWN (supplied aggregate only),KEEP_INDEXABLE,Current self-canonical HTML200 and unchanged source indexing policy; search indexing status unavailable per URL.
familyboard.win,https://familyboard.win/tools/appliance-age-calculator/,200,True,"index,follow,max-image-preview:large",,https://familyboard.win/tools/appliance-age-calculator/,True,10,en,Tool,UNKNOWN (supplied aggregate only),KEEP_INDEXABLE,Current self-canonical HTML200 and unchanged source indexing policy; search indexing status unavailable per URL.
familyboard.win,https://familyboard.win/tools/emergency-contact-sheet-generator/,200,True,"index,follow,max-image-preview:large",,https://familyboard.win/tools/emergency-contact-sheet-generator/,True,9,en,Tool,UNKNOWN (supplied aggregate only),KEEP_INDEXABLE,Current self-canonical HTML200 and unchanged source indexing policy; search indexing status unavailable per URL.
familyboard.win,https://familyboard.win/tools/home-inventory-checklist-generator/,200,True,"index,follow,max-image-preview:large",,https://familyboard.win/tools/home-inventory-checklist-generator/,True,9,en,Tool,UNKNOWN (supplied aggregate only),KEEP_INDEXABLE,Current self-canonical HTML200 and unchanged source indexing policy; search indexing status unavailable per URL.
familyboard.win,https://familyboard.win/tools/home-maintenance-cost-tracker/,200,True,"index,follow,max-image-preview:large",,https://familyboard.win/tools/home-maintenance-cost-tracker/,True,10,en,Tool,UNKNOWN (supplied aggregate only),KEEP_INDEXABLE,Current self-canonical HTML200 and unchanged source indexing policy; search indexing status unavailable per URL.
familyboard.win,https://familyboard.win/tools/house-sitter-instruction-generator/,200,True,"index,follow,max-image-preview:large",,https://familyboard.win/tools/house-sitter-instruction-generator/,True,9,en,Tool,UNKNOWN (supplied aggregate only),KEEP_INDEXABLE,Current self-canonical HTML200 and unchanged source indexing policy; search indexing status unavailable per URL.
familyboard.win,https://familyboard.win/tools/household-annual-review-generator/,200,True,"index,follow,max-image-preview:large",,https://familyboard.win/tools/household-annual-review-generator/,True,9,en,Tool,UNKNOWN (supplied aggregate only),KEEP_INDEXABLE,Current self-canonical HTML200 and unchanged source indexing policy; search indexing status unavailable per URL.
familyboard.win,https://familyboard.win/tools/household-subscription-cost-calculator/,200,True,"index,follow,max-image-preview:large",,https://familyboard.win/tools/household-subscription-cost-calculator/,True,9,en,Tool,UNKNOWN (supplied aggregate only),KEEP_INDEXABLE,Current self-canonical HTML200 and unchanged source indexing policy; search indexing status unavailable per URL.
familyboard.win,https://familyboard.win/tools/pet-sitter-instruction-generator/,200,True,"index,follow,max-image-preview:large",,https://familyboard.win/tools/pet-sitter-instruction-generator/,True,10,en,Tool,UNKNOWN (supplied aggregate only),KEEP_INDEXABLE,Current self-canonical HTML200 and unchanged source indexing policy; search indexing status unavailable per URL.
familyboard.win,https://familyboard.win/zh-tw/about/,200,True,"index,follow,max-image-preview:large",,https://familyboard.win/zh-tw/about/,True,33,zh-TW,Content,UNKNOWN (supplied aggregate only),KEEP_INDEXABLE,Current self-canonical HTML200 and unchanged source indexing policy; search indexing status unavailable per URL.
familyboard.win,https://familyboard.win/zh-tw/affiliate-disclosure/,200,True,"index,follow,max-image-preview:large",,https://familyboard.win/zh-tw/affiliate-disclosure/,True,33,zh-TW,Content,UNKNOWN (supplied aggregate only),KEEP_INDEXABLE,Current self-canonical HTML200 and unchanged source indexing policy; search indexing status unavailable per URL.
familyboard.win,https://familyboard.win/zh-tw/app/,200,False,"noindex,follow",,https://familyboard.win/zh-tw/app/,False,34,zh-TW,Private App,UNKNOWN (supplied aggregate only),INTENTIONAL_NOINDEX,Private /app/ or offline shell; verified by BaseLayout/prune manifest; do not change.
familyboard.win,https://familyboard.win/zh-tw/changelog/,200,True,"index,follow,max-image-preview:large",,https://familyboard.win/zh-tw/changelog/,True,33,zh-TW,Content,UNKNOWN (supplied aggregate only),KEEP_INDEXABLE,Current self-canonical HTML200 and unchanged source indexing policy; search indexing status unavailable per URL.
familyboard.win,https://familyboard.win/zh-tw/checklists/,200,True,"index,follow,max-image-preview:large",,https://familyboard.win/zh-tw/checklists/,True,33,zh-TW,Content,UNKNOWN (supplied aggregate only),KEEP_INDEXABLE,Current self-canonical HTML200 and unchanged source indexing policy; search indexing status unavailable per URL.
familyboard.win,https://familyboard.win/zh-tw/checklists/year-end-cleaning-checklist/,200,True,"index,follow,max-image-preview:large",,https://familyboard.win/zh-tw/checklists/year-end-cleaning-checklist/,True,6,zh-TW,Content,UNKNOWN (supplied aggregate only),KEEP_INDEXABLE,Current self-canonical HTML200 and unchanged source indexing policy; search indexing status unavailable per URL.
familyboard.win,https://familyboard.win/zh-tw/contact/,200,True,"index,follow,max-image-preview:large",,https://familyboard.win/zh-tw/contact/,True,33,zh-TW,Content,UNKNOWN (supplied aggregate only),KEEP_INDEXABLE,Current self-canonical HTML200 and unchanged source indexing policy; search indexing status unavailable per URL.
familyboard.win,https://familyboard.win/zh-tw/disclaimer/,200,True,"index,follow,max-image-preview:large",,https://familyboard.win/zh-tw/disclaimer/,True,33,zh-TW,Content,UNKNOWN (supplied aggregate only),KEEP_INDEXABLE,Current self-canonical HTML200 and unchanged source indexing policy; search indexing status unavailable per URL.
familyboard.win,https://familyboard.win/zh-tw/editorial-policy/,200,True,"index,follow,max-image-preview:large",,https://familyboard.win/zh-tw/editorial-policy/,True,33,zh-TW,Content,UNKNOWN (supplied aggregate only),KEEP_INDEXABLE,Current self-canonical HTML200 and unchanged source indexing policy; search indexing status unavailable per URL.
familyboard.win,https://familyboard.win/zh-tw/features/,200,True,"index,follow,max-image-preview:large",,https://familyboard.win/zh-tw/features/,True,33,zh-TW,Content,UNKNOWN (supplied aggregate only),KEEP_INDEXABLE,Current self-canonical HTML200 and unchanged source indexing policy; search indexing status unavailable per URL.
familyboard.win,https://familyboard.win/zh-tw/guides/,200,True,"index,follow,max-image-preview:large",,https://familyboard.win/zh-tw/guides/,True,33,zh-TW,Guide,UNKNOWN (supplied aggregate only),KEEP_INDEXABLE,Current self-canonical HTML200 and unchanged source indexing policy; search indexing status unavailable per URL.
familyboard.win,https://familyboard.win/zh-tw/guides/emergency-supply-inventory/,200,True,"index,follow,max-image-preview:large",,https://familyboard.win/zh-tw/guides/emergency-supply-inventory/,True,7,zh-TW,Guide,UNKNOWN (supplied aggregate only),KEEP_INDEXABLE,Current self-canonical HTML200 and unchanged source indexing policy; search indexing status unavailable per URL.
familyboard.win,https://familyboard.win/zh-tw/guides/home-care-service-complaint-resolution/,200,True,"index,follow,max-image-preview:large",,https://familyboard.win/zh-tw/guides/home-care-service-complaint-resolution/,True,6,zh-TW,Guide,UNKNOWN (supplied aggregate only),KEEP_INDEXABLE,Current self-canonical HTML200 and unchanged source indexing policy; search indexing status unavailable per URL.
familyboard.win,https://familyboard.win/zh-tw/guides/home-maintenance-schedule/,200,True,"index,follow,max-image-preview:large",,https://familyboard.win/zh-tw/guides/home-maintenance-schedule/,True,32,zh-TW,Guide,UNKNOWN (supplied aggregate only),KEEP_INDEXABLE,Current self-canonical HTML200 and unchanged source indexing policy; search indexing status unavailable per URL.
familyboard.win,https://familyboard.win/zh-tw/guides/move-out-home-records/,200,True,"index,follow,max-image-preview:large",,https://familyboard.win/zh-tw/guides/move-out-home-records/,True,6,zh-TW,Guide,UNKNOWN (supplied aggregate only),KEEP_INDEXABLE,Current self-canonical HTML200 and unchanged source indexing policy; search indexing status unavailable per URL.
familyboard.win,https://familyboard.win/zh-tw/guides/organize-utility-account-information/,200,True,"index,follow,max-image-preview:large",,https://familyboard.win/zh-tw/guides/organize-utility-account-information/,True,6,zh-TW,Guide,UNKNOWN (supplied aggregate only),KEEP_INDEXABLE,Current self-canonical HTML200 and unchanged source indexing policy; search indexing status unavailable per URL.
familyboard.win,https://familyboard.win/zh-tw/guides/power-outage-home-preparedness/,200,True,"index,follow,max-image-preview:large",,https://familyboard.win/zh-tw/guides/power-outage-home-preparedness/,True,8,zh-TW,Guide,UNKNOWN (supplied aggregate only),KEEP_INDEXABLE,Current self-canonical HTML200 and unchanged source indexing policy; search indexing status unavailable per URL.
familyboard.win,https://familyboard.win/zh-tw/guides/storm-preparation-home-checklist/,200,True,"index,follow,max-image-preview:large",,https://familyboard.win/zh-tw/guides/storm-preparation-home-checklist/,True,8,zh-TW,Guide,UNKNOWN (supplied aggregate only),KEEP_INDEXABLE,Current self-canonical HTML200 and unchanged source indexing policy; search indexing status unavailable per URL.
familyboard.win,https://familyboard.win/zh-tw/pricing/,200,True,"index,follow,max-image-preview:large",,https://familyboard.win/zh-tw/pricing/,True,33,zh-TW,Content,UNKNOWN (supplied aggregate only),KEEP_INDEXABLE,Current self-canonical HTML200 and unchanged source indexing policy; search indexing status unavailable per URL.
familyboard.win,https://familyboard.win/zh-tw/privacy/,200,True,"index,follow,max-image-preview:large",,https://familyboard.win/zh-tw/privacy/,True,33,zh-TW,Content,UNKNOWN (supplied aggregate only),KEEP_INDEXABLE,Current self-canonical HTML200 and unchanged source indexing policy; search indexing status unavailable per URL.
familyboard.win,https://familyboard.win/zh-tw/roadmap/,200,True,"index,follow,max-image-preview:large",,https://familyboard.win/zh-tw/roadmap/,True,33,zh-TW,Content,UNKNOWN (supplied aggregate only),KEEP_INDEXABLE,Current self-canonical HTML200 and unchanged source indexing policy; search indexing status unavailable per URL.
familyboard.win,https://familyboard.win/zh-tw/security/,200,True,"index,follow,max-image-preview:large",,https://familyboard.win/zh-tw/security/,True,33,zh-TW,Content,UNKNOWN (supplied aggregate only),KEEP_INDEXABLE,Current self-canonical HTML200 and unchanged source indexing policy; search indexing status unavailable per URL.
familyboard.win,https://familyboard.win/zh-tw/templates/,200,True,"index,follow,max-image-preview:large",,https://familyboard.win/zh-tw/templates/,True,33,zh-TW,Content,UNKNOWN (supplied aggregate only),KEEP_INDEXABLE,Current self-canonical HTML200 and unchanged source indexing policy; search indexing status unavailable per URL.
familyboard.win,https://familyboard.win/zh-tw/terms/,200,True,"index,follow,max-image-preview:large",,https://familyboard.win/zh-tw/terms/,True,33,zh-TW,Content,UNKNOWN (supplied aggregate only),KEEP_INDEXABLE,Current self-canonical HTML200 and unchanged source indexing policy; search indexing status unavailable per URL.
familyboard.win,https://familyboard.win/zh-tw/tools/,200,True,"index,follow,max-image-preview:large",,https://familyboard.win/zh-tw/tools/,True,33,zh-TW,Tool,UNKNOWN (supplied aggregate only),KEEP_INDEXABLE,Current self-canonical HTML200 and unchanged source indexing policy; search indexing status unavailable per URL.
familyboard.win,https://familyboard.win/zh-tw/tools/annual-subscription-cost-calculator/,200,True,"index,follow,max-image-preview:large",,https://familyboard.win/zh-tw/tools/annual-subscription-cost-calculator/,True,10,zh-TW,Tool,UNKNOWN (supplied aggregate only),KEEP_INDEXABLE,Current self-canonical HTML200 and unchanged source indexing policy; search indexing status unavailable per URL.
familyboard.win,https://familyboard.win/zh-tw/tools/appliance-age-calculator/,200,True,"index,follow,max-image-preview:large",,https://familyboard.win/zh-tw/tools/appliance-age-calculator/,True,10,zh-TW,Tool,UNKNOWN (supplied aggregate only),KEEP_INDEXABLE,Current self-canonical HTML200 and unchanged source indexing policy; search indexing status unavailable per URL.
familyboard.win,https://familyboard.win/zh-tw/tools/emergency-contact-sheet-generator/,200,True,"index,follow,max-image-preview:large",,https://familyboard.win/zh-tw/tools/emergency-contact-sheet-generator/,True,10,zh-TW,Tool,UNKNOWN (supplied aggregate only),KEEP_INDEXABLE,Current self-canonical HTML200 and unchanged source indexing policy; search indexing status unavailable per URL.
familyboard.win,https://familyboard.win/zh-tw/tools/home-maintenance-cost-tracker/,200,True,"index,follow,max-image-preview:large",,https://familyboard.win/zh-tw/tools/home-maintenance-cost-tracker/,True,10,zh-TW,Tool,UNKNOWN (supplied aggregate only),KEEP_INDEXABLE,Current self-canonical HTML200 and unchanged source indexing policy; search indexing status unavailable per URL.
familyboard.win,https://familyboard.win/zh-tw/tools/home-maintenance-schedule-generator/,200,True,"index,follow,max-image-preview:large",,https://familyboard.win/zh-tw/tools/home-maintenance-schedule-generator/,True,33,zh-TW,Tool,UNKNOWN (supplied aggregate only),KEEP_INDEXABLE,Current self-canonical HTML200 and unchanged source indexing policy; search indexing status unavailable per URL.
familyboard.win,https://familyboard.win/zh-tw/tools/household-subscription-cost-calculator/,200,True,"index,follow,max-image-preview:large",,https://familyboard.win/zh-tw/tools/household-subscription-cost-calculator/,True,10,zh-TW,Tool,UNKNOWN (supplied aggregate only),KEEP_INDEXABLE,Current self-canonical HTML200 and unchanged source indexing policy; search indexing status unavailable per URL.
familyboard.win,https://familyboard.win/zh-tw/tools/warranty-expiration-calculator/,200,True,"index,follow,max-image-preview:large",,https://familyboard.win/zh-tw/tools/warranty-expiration-calculator/,True,11,zh-TW,Tool,UNKNOWN (supplied aggregate only),KEEP_INDEXABLE,Current self-canonical HTML200 and unchanged source indexing policy; search indexing status unavailable per URL.
